x,y,y_predicted,peak_1,peak_2,peak_3,peak_4,peak_5,peak_6
3795,8.79944e-05,6.46230606861359e-05,1.542112991309255e-07,4.397329342240205e-33,2.324896374076366e-08,2.0584914261099538e-23,1.1109733620260223e-05,5.3713708091545074e-05
3790,8.59041e-05,6.664030492140632e-05,1.559048200544596e-07,4.445560798678555e-33,2.352421322030973e-08,2.0833616223707403e-23,1.1560875835495875e-05,5.527784134117677e-05
3785,6.10626e-05,6.874963339672038e-05,1.5762638901145087e-07,4.494589528140884e-33,2.380437714758845e-08,2.1086852277869182e-23,1.2037428038358608e-05,5.6908615880743836e-05
3780,8.48825e-05,7.09560385399856e-05,1.5937662874897794e-07,4.5444331858504574e-33,2.4089573149408772e-08,2.134473330149238e-23,1.2540713370032981e-05,5.860970025659534e-05
3775,8.12087e-05,7.32648025975639e-05,1.6115617939221943e-07,4.595109918058714e-33,2.4379922390948208e-08,2.1607373582294125e-23,1.3072102864215475e-05,6.038500492010635e-05
3770,0.000116748,7.56815155924077e-05,1.629656990295917e-07,4.6466383785111134e-33,2.4675549704176963e-08,2.1874890944400844e-23,1.3633015431625016e-05,6.223870020059001e-05
3765,0.000104098,7.821209452954762e-05,1.6480586432099977e-07,4.699037745560224e-33,2.4976583721749854e-08,2.2147406880465255e-23,1.4224917690296825e-05,6.417523567974914e-05
3760,7.36817e-05,8.086280393928344e-05,1.6667737113025043e-07,4.752327739955293e-33,2.5283157016633533e-08,2.2425046689577282e-23,1.4849323632208614e-05,6.619936106746904e-05
3755,8.81629e-05,8.364027785170889e-05,1.6858093518273078e-07,4.806528643339006e-33,2.5595406247751405e-08,2.270793962126108e-23,1.550779411702874e-05,6.831614868179077e-05
3750,7.62612e-05,8.655154329831922e-05,1.705172927495121e-07,4.861661317483697e-33,2.5913472311944232e-08,2.2996219025866893e-23,1.6201936184099335e-05,7.053101763769952e-05
3745,6.45753e-05,8.960404543692867e-05,1.7248720135909958e-07,4.9177472243009825e-33,2.6237500502561108e-08,2.3290022511684536e-23,1.6933402174179842e-05,7.284975984942826e-05
3740,8.43243e-05,9.28056743943369e-05,1.744914405381117e-07,4.9748084466605174e-33,2.6567640675013517e-08,2.3589492109123901e-23,1.770388865298283e-05,7.527856794868204e-05
3735,8.28406e-05,9.616479391633394e-05,1.7653081258224112e-07,5.0328677100554636e-33,2.6904047419643557e-08,2.3894774442328093e-23,1.8515135129139183e-05,7.782406521573397e-05
3730,9.29099e-05,9.969027190571655e-05,1.786061433589198e-07,5.091948405154186e-33,2.724688024227794e-08,2.4206020908606176e-23,1.936892255993981e-05,8.049333761071664e-05
3725,0.00010782,0.00010339151291472595,1.8071828314318723e-07,5.152074611279868e-33,2.759630375286047e-08,2.452338786609549e-23,2.026707163901985e-05,8.329396797735115e-05
3720,0.000121685,0.00010727849263710202,1.8286810748834052e-07,5.213271120861831e-33,2.795248786257847e-08,2.484703683008752e-23,2.1211440861083815e-05,8.623407246920838e-05
3715,0.000130853,0.00011136179441476641,1.850565181330301e-07,5.275563464904804e-33,2.8315607989922744e-08,2.517713467847747e-23,2.2203924359821343e-05,8.93223392173632e-05
3710,0.000114905,0.00011565264773247016,1.8728444394655494e-07,5.3389779395247845e-33,2.8685845276146564e-08,2.551385386682542e-23,2.3246449516336247e-05,9.256806921545231e-05
3705,0.000131099,0.00012016296861742435,1.8955284191420637e-07,5.403541633602803e-33,2.9063386810616454e-08,2.585737265354611e-23,2.4340974336711485e-05,9.598121934052914e-05
3700,0.000134408,0.00012490540178606625,1.9186269816461192e-07,5.469282457610697e-33,2.9448425866576863e-08,2.6207875335776305e-23,2.5489484598762064e-05,9.957244735181407e-05
3695,0.000133488,0.0001298933642818541,1.9421502904113636e-07,5.536229173665931e-33,2.984116214788188e-08,2.656555249650229e-23,2.6693990769591396e-05,0.00010335315860961478
3690,0.000132508,0.00013514109022036533,1.9661088221951296e-07,5.604411426875682e-33,3.024180204728072e-08,2.6930601263565804e-23,2.795652469726607e-05,0.00010733555412737356
3685,0.00016816,0.00014066367609366255,1.9905133787399883e-07,5.6738597780336946e-33,3.065055891687876e-08,2.730322558120544e-23,2.92791360817633e-05,0.00011153267940364944
3680,0.000140209,0.0001464771258759471,2.015375098944757e-07,5.744605737736999e-33,3.106765335143417e-08,2.768363649483172e-23,3.066388873232714e-05,0.00011595847326891511
3675,8.13189e-05,0.0001525983949060665,2.0407054715705642e-07,5.816681801993303e-33,3.149331348519047e-08,2.8072052449777804e-23,3.211285662049519e-05,0.00012062781571347015
3670,0.000105901,0.00015904543118639246,2.0665163485090173e-07,5.8901214893938956e-33,3.192777530298881e-08,2.8468699604815295e-23,3.362811974033196e-05,0.0001255565733244477
3665,0.000144106,0.0001658372123162785,2.0928199586410663e-07,5.9649593799311294e-33,3.2371282966449515e-08,2.8873812161274733e-23,3.521175978982734e-05,0.0001307616405361617
3660,0.00013539,0.0001729937757532406,2.119628922316807e-07,6.041231155544079e-33,3.282408915606272e-08,2.928763270866496e-23,3.686585568999544e-05,0.0001362609743703985
3655,0.000125588,0.00018053623944457573,2.1469562664882202e-07,6.1189736424807554e-33,3.328645543007999e-08,2.971041258774299e-23,3.859247896093836e-05,0.00014207361969009955
3650,8.74155e-05,0.00018848680907158227,2.1748154405287137e-07,6.198224855570395e-33,3.375865260115596e-08,3.014241227204874e-23,4.0393688977029025e-05,0.00014821972118644032
3645,0.00019301,0.00019686876717011547,2.2032203327753058e-07,6.27902404450479e-33,3.4240961131749754e-08,3.0583901768985356e-23,4.227152812641736e-05,0.00015472051733782992
3640,0.00021082,0.00020570643820478132,2.2321852878314328e-07,6.361411742233365e-33,3.473367154936049e-08,3.1035161041598e-23,4.422801690327992e-05,0.00016159831038971
3635,0.000212796,0.00021502512224847519,2.2617251246705984e-07,6.445429815582981e-33,3.52370848827414e-08,3.14964804522805e-23,4.6265148964621995e-05,0.00016887640497504448
3630,0.000172808,0.00022485098822436117,2.291855155583508e-07,6.531121518219938e-33,3.5751513120311536e-08,3.1968161229722426e-23,4.838488618700508e-05,0.0001765790062972185
3625,0.000242463,0.0002352109156791669,2.3225912060138958e-07,6.618531546078738e-33,3.627727969206421e-08,3.2450515960498175e-23,5.0589153762325876e-05,0.00018473106680508863
3620,0.000249953,0.00024613227176161,2.3539496353309903e-07,6.707706095389578e-33,3.681471997635776e-08,3.2943869106794937e-23,5.2879835375718944e-05,0.00019335806799092268
3615,0.000251953,0.0002576426074852468,2.3859473585895027e-07,6.798692923444685e-33,3.736418183306616e-08,3.3448557551880355e-23,5.5258768512812374e-05,0.0002024857213432835
3610,0.000299792,0.000269769254502312,2.4186018693311607e-07,6.891541412251914e-33,3.792602616466695e-08,3.396493117502097e-23,5.77277399479443e-05,0.000212139569629811
3605,0.000285106,0.0002825388005980682,2.451931263485124e-07,6.98630263523339e-33,3.8500627506950475e-08,3.449335345768266e-23,6.02884814695705e-05,0.00022234446666318333
3600,0.000324757,0.0002959764191055213,2.485954264428234e-07,7.083029427136497e-33,3.9088374651149483e-08,3.5034202122973254e-23,6.294266590398067e-05,0.00023312391068898775
3595,0.000331498,0.00031010502472051543,2.520690249269855e-07,7.181776457335104e-33,3.9689671299411963e-08,3.558786981042682e-23,6.569190350361907e-05,0.00024449920380921106
3590,0.000332479,0.0003249442262011461,2.556159276430161e-07,7.282600306709912e-33,4.0304936755673206e-08,3.6154764788379126e-23,6.853773877181099e-05,0.00025648840785347753
3585,0.000395148,0.00034050904579588517,2.5923821145851233e-07,7.385559548308835e-33,4.093460665412679e-08,3.673531170634668e-23,7.148164780156584e-05,0.0002691050664647478
3580,0.000363609,0.00035680837684304295,2.6293802730561255e-07,7.490714832000979e-33,4.157913372764904e-08,3.732995238999682e-23,7.452503621240851e-05,0.00028235666475814224
3575,0.000407057,0.0003738431559927784,2.667176033727202e-07,7.59812897335154e-33,4.223898861869833e-08,3.793914668148625e-23,7.766923777593966e-05,0.0002962428029133884
3570,0.000409678,0.0003916042364052793,2.70579248457827e-07,7.707867046959473e-33,4.291466073539114e-08,3.856337332815099e-23,8.091551382810637e-05,0.0003107530699565208
3565,0.000428881,0.0004100699648392073,2.7452535549285226e-07,7.81999648451557e-33,4.360665915565107e-08,3.920313092275292e-23,8.426505357405525e-05,0.0003258646205390446
3560,0.00047954,0.00042920349068953465,2.785584052490379e-07,7.934587177855336e-33,4.431551358253783e-08,3.985893889872899e-23,8.771897540002934e-05,0.0003415394826592148
3555,0.000472772,0.00044894987059500757,2.8268097023410647e-07,8.05171158729914e-33,4.5041775354090416e-08,4.053133858415101e-23,9.12783293161616e-05,0.00035772165982179884
3550,0.000451526,0.00046923307949698424,2.8689571879260434e-07,8.171444855591473e-33,4.578601851126465e-08,4.1220894318386516e-23,9.494410066433374e-05,0.0003743341383838877
3545,0.000479824,0.0004899530980364095,2.912054194216277e-07,8.293864927771995e-33,4.654884092781218e-08,4.192819463576e-23,9.871721523664641e-05,0.00039127596982795477
3540,0.000559384,0.0005109833147830156,2.956129453149547e-07,8.419052677333352e-33,4.7330865506236185e-08,4.265385352084717e-23,0.00010259854596264405,0.00040841966629809144
3535,0.000565251,0.0005321685545617111,3.001212791495025e-07,8.5470920390449e-33,4.813274144427189e-08,4.3398511740399234e-23,0.0001065889213374404,0.00042560922049221793
3530,0.000541491,0.0005533241112788335,3.047335181289868e-07,8.678070148847195e-33,4.8955145576679916e-08,4.416283825728926e-23,0.00011068913577849993,0.000442659128125169
3525,0.000628955,0.0005742362104119533,3.0945287930070005e-07,8.812077491250087e-33,4.979878379750783e-08,4.494753173230293e-23,0.00011489996211628248,0.00045935483792111366
3520,0.000489166,0.0005946643335196126,3.142827051624366e-07,8.949208054697156e-33,5.0664392568376375e-08,4.575332212006593e-23,0.00011922216644351265,0.0004754550612669102
3515,0.000627191,0.000614345783407247,3.192264695778008e-07,9.089559495391517e-33,5.155274051878043e-08,4.658097236591081e-23,0.00012365652556978153,0.0004906963199159099
3510,0.000596978,0.0006330027350774022,3.2428778401943126e-07,9.233233310112933e-33,5.246463014486893e-08,4.743128021104453e-23,0.00012820384735284289,0.0005047999765989361
3505,0.000631963,0.0006503517947513828,3.2947040416107605e-07,9.380335018593618e-33,5.3400899613681254e-08,4.830508011398737e-23,0.0001328649942056769,0.0005174817705304723
3500,0.000613807,0.0006661157847608214,3.3477823684097326e-07,9.530974356060721e-33,5.436242468037915e-08,4.9203245296919585e-23,0.00013764091010952368,0.0005284635752783175
3495,0.000655944,0.0006800371172578633,3.4021534742062377e-07,9.685265476597255e-33,5.5350120726623556e-08,5.012668992630055e-23,0.00014253265149802028,0.0005374867415802369
3490,0.000714465,0.0006918917706569674,3.4578596756482185e-07,9.843327168020464e-33,5.6364944928912086e-08,5.1076371437922325e-23,0.00014754142241669014,0.0005443260386163247
3485,0.000634263,0.0007015026135121621,3.514945034707214e-07,1.0005283079027858e-32,5.7407898566420634e-08,5.205329301743275e-23,0.0001526686144056863,0.0005488029379929797
3480,0.000700451,0.0007087507066446062,3.5734554457579965e-07,1.0171261959416344e-32,5.848002947868648e-08,5.30585062483207e-23,0.00015791585160219066,0.0005507968707569021
3475,0.000708662,0.0007135833101718076,3.633438727768244e-07,1.0341397914239855e-32,5.9582434684339216e-08,5.409311394040648e-23,0.0001632850416124211,0.0005502531835404664
3470,0.000740641,0.0007160176395039703,3.694944721943817e-07,1.0515830672835682e-32,6.071626317303632e-08,5.515827315303466e-23,0.00016877843276181994,0.0005471868372953241
3465,0.00070289,0.0007161399114819634,3.758025395201626e-07,1.069470587371996e-32,6.188271888379998e-08,5.625519842843425e-23,0.0001743986783954519,0.0005416813891166486
3460,0.000698228,0.000714099808796304,3.822734949870909e-07,1.0878175366429091e-32,6.308306388409317e-08,5.738516525210718e-23,0.00018014890896825186,0.000533883384557722
3455,0.000747213,0.0007101010526655709,3.8891299400549964e-07,1.10663975314665e-32,6.431862176522265e-08,5.854951375864268e-23,0.00018603281273523898,0.0005239928496031022
3450,0.000783153,0.0007043892025854273,3.9572693951196246e-07,1.1259537619603962e-32,6.559078127103004e-08,5.974965270304873e-23,0.00019205472592294736,0.0005122510002302381
3445,0.000690792,0.0006972380265567043,4.0272149508109077e-07,1.1457768111884413e-32,6.690100017834022e-08,6.098706371956104e-23,0.00019821973333157284,0.0004989265120184131
3440,0.000764856,0.0006889357870228959,4.099030988546334e-07,1.1661269101779175e-32,6.825080944929484e-08,6.22633058919542e-23,0.00020453378037729402,0.00048430169402583894
3435,0.000708057,0.000679772599005365,4.172784783466093e-07,1.1870228701068113e-32,6.96418176775244e-08,6.358002066166084e-23,0.00021100379762780484,0.0004686597223700771
3430,0.000663249,0.0006700297039278214,4.248546661879931e-07,1.2084843471136911e-32,7.1075715852123e-08,6.493893710253086e-23,0.00021763783889946274,0.0004522737759348596
3425,0.000624656,0.0006599711427387394,4.326390168796995e-07,1.2305318881522757e-32,7.255428246560711e-08,6.634187759385886e-23,0.00022444523395455024,0.00043539855677338497
3420,0.000661786,0.0006498379730111179,4.4063922462832385e-07,1.2531869797689046e-32,7.407938899448756e-08,6.77907639264112e-23,0.0002314367567376184,0.00041826433894841773
3415,0.000651775,0.0006398449025404957,4.4886334234533497e-07,1.2764721000172893e-32,7.565300578378632e-08,6.928762387962675e-23,0.00023862480988633367,0.000401073417594574
3410,0.000605935,0.0006301790271802291,4.573198018972469e-07,1.3004107737427153e-32,7.727720836982068e-08,7.083459831199343e-23,0.0002460236258964589,0.0003839986455620443
3405,0.00065886,0.0006210002625545295,4.660174357017674e-07,1.325027631487349e-32,7.895418427888528e-08,7.24339488108602e-23,0.00025364948474544235,0.0003671836474776476
3400,0.000597023,0.0006124430332972029,4.749654997731191e-07,1.350348472289561e-32,8.068624034313066e-08,7.40880659526881e-23,0.00026152094689178943,0.00035074427595383834
3395,0.000640807,0.0006046188087964857,4.841736983287044e-07,1.376400330673506e-32,8.247581057900387e-08,7.579947823003242e-23,0.00026965909924064045,0.0003347709013354786
3390,0.000532112,0.0005976191300634438,4.936522100791544e-07,1.403211548150702e-32,8.4325464678133e-08,7.757086170745543e-23,0.0002780878097264247,0.00031933118395080295
3385,0.000560958,0.000591518840599043,5.034117163346268e-07,1.4308118495833574e-32,8.623791716555885e-08,7.940505047517017e-23,0.0002868339833772406,0.00030447304887684337
3380,0.000592774,0.000586379302091043,5.13463431072138e-07,1.4592324247898835e-32,8.82160372858035e-08,8.130504797660681e-23,0.00029592780878065,0.00029022765513057603
3375,0.000579232,0.0005822514351939908,5.238191331218165e-07,1.4885060158067768e-32,9.026285968349027e-08,8.327403929437489e-23,0.00030540297835628696,0.0002766122161334396
3370,0.000530837,0.0005791784721146338,5.344912006444131e-07,1.5186670102581072e-32,9.238159595217257e-08,8.531540448838955e-23,0.0003152968582267092,0.0002636325823798691
3365,0.000555485,0.0005771983394953746,5.454926480883208e-07,1.5497515413246448e-32,9.457564713278214e-08,8.74327330903738e-23,0.00032565057309634737,0.00025128553939234727
3360,0.000520702,0.0005763456070241116,5.568371658319401e-07,1.5817975948495594e-32,9.684861725177461e-08,8.962983987070263e-23,0.00033650895758815467,0.00023956080494141424
3355,0.000541158,0.0005766529399570898,5.685391627366347e-07,1.6148451241671154e-32,9.920432799875481e-08,9.191078200679687e-23,0.0003479203070175391,0.0002284427307373564
3350,0.000548484,0.0005781519832668706,5.806138118569995e-07,1.6489361732953933e-32,1.0164683465423848e-07,9.427987779722031e-23,0.0003599358366332219,0.0002179117272756787
3345,0.000592128,0.0005808735824774665,5.930770995789335e-07,1.6841150091943344e-32,1.0418044339041235e-07,9.674172708252306e-23,0.00037260872810295116,0.00020794543812008715
3340,0.000643255,0.0005848472127719292,6.059458784823488e-07,1.7204282638570587e-32,1.0680973008147004e-07,9.930123355298993e-23,0.0003859926051648956,0.00019851969328701084
3335,0.000621299,0.0005900994458843857,6.192379242545705e-07,1.7579250870760872e-32,1.0953956077553266e-07,1.0196362914512279e-22,0.0004001392377826982,0.00018960927190519853
3330,0.000589009,0.0005966512378338101,6.329719970129358e-07,1.7966573108077558e-32,1.1237511399755251e-07,1.0473450075328984e-22,0.0004150952290050057,0.000181188503006335
3325,0.00062714,0.0006045137776697255,6.471679074311771e-07,1.8366796261485705e-32,1.1532190507221818e-07,1.0761981951095471e-22,0.0004308973982187889,0.00017323173092697423
3320,0.000705076,0.0006136826122434491,6.618465881043347e-07,1.878049774037679e-32,1.1838581267804923e-07,1.106259729277726e-22,0.0004475665522212022,0.00016571366891000568
3315,0.000567961,0.0006241297780466123,6.770301706316904e-07,1.92082875091117e-32,1.2157310786895727e-07,1.1375980020521078e-22,0.00046509935460765017,0.00015860966144900262
3310,0.000648838,0.0006357937640973707,6.92742068947139e-07,1.9650810306579378e-32,1.2489048582798203e-07,1.1702863109492723e-22,0.000483458099879445,0.00015189587295169163
3305,0.000631425,0.0006485673487767283,7.090070694821791e-07,2.010874804364939e-32,1.2834510065018264e-07,1.2044032871175108e-22,0.0005025584203508778,0.00014554941754425926
3300,0.000661371,0.0006622837564072484,7.258514288090633e-07,2.058282239493554e-32,1.3194460348835404e-07,1.2400333676773308e-22,0.000522255359298528,0.00013954844236496405
3295,0.000701101,0.0006767022173956191,7.433029794814861e-07,2.1073797603004616e-32,1.356971844370096e-07,1.2772673175652335e-22,0.0005423288839918829,0.0001338721745283588
3290,0.000668024,0.0006914948993873404,7.613912448684851e-07,2.1582483515082328e-32,1.3961161857772053e-07,1.316202806896501e-22,0.000562470797734894,0.00012850094007754126
3285,0.000703588,0.0007062382202758581,7.80147563865134e-07,2.2109738874453532e-32,1.436973166633309e-07,1.3569450506973082e-22,0.000582276055021657,0.0001234161616622137
3280,0.000693664,0.0007204125074248776,7.996052264624306e-07,2.2656474891155387e-32,1.4796438098086578e-07,1.3996075188216325e-22,0.0006012424387484835,0.00011860034035749189
3275,0.000740673,0.0007334143747903738,8.197996212700365e-07,2.322365911925487e-32,1.5242366700436285e-07,1.4443127249869776e-22,0.000618782966849075,0.0001140370259415655
3270,0.000771458,0.0007445854396275927,8.407683962109478e-07,2.3812319671024217e-32,1.5708685153088735e-07,1.4911931051620875e-22,0.0006342546466198578,0.00010971077904853409
3265,0.000748108,0.000753258552548971,8.625516337487723e-07,2.442354980172484e-32,1.6196650808737357e-07,1.5403919970522067e-22,0.0006470047478188801,0.00010560712787679587
3260,0.000778772,0.0007588185075444045,8.851920421683938e-07,2.5058512902533213e-32,1.6707619050474932e-07,1.5920647341920944e-22,0.000656431559063545,0.00010171252153672738
3255,0.000719012,0.0007607690756688087,9.087351646121058e-07,2.571844794345003e-32,1.7243052568149575e-07,1.6463798702210538e-22,0.0006620514696264114,9.80142816406447e-05
3250,0.000752148,0.0007587939937119977,9.332296077789089e-07,2.6404675412895253e-32,1.7804531670427733e-07,1.7035205513343687e-22,0.0006635600067231373,9.450055335291824e-05
3245,0.00072132,0.0007527984294021957,9.587272924282522e-07,2.7118603806185125e-32,1.8393765766201818e-07,1.7636860577505678e-22,0.0006608733489292723,9.116025681137425e-05
3240,0.000775867,0.0007429207688036093,9.852837280952634e-07,2.786173672130278e-32,1.9012606168592172e-07,1.8270935383872106e-22,0.0006541401607141416,8.798303958822755e-05
3235,0.000820241,0.0007295117004284007,1.0129583147274275e-06,2.8635680627419237e-32,1.9663060397638104e-07,1.893979966901099e-22,0.0006437207221305892,8.495923066764878e-05
3230,0.000664719,0.0007130858946859112,1.0418146742985014e-06,2.944215337961584e-32,2.0347308184441936e-07,1.964604351946045e-22,0.0006301386519506437,8.207979626766567e-05
3225,0.000714425,0.000694257826227491,1.0719210158510013e-06,3.028299356234682e-32,2.1067719410735827e-07,2.0392502400848957e-22,0.0006140167715878705,7.933629771820321e-05
3220,0.000690481,0.0006736753268146733,1.1033505378718107e-06,3.11601707545254e-32,2.1826874254440014e-07,2.118228556449638e-22,0.0005960106973048312,7.672085151796695e-05
3215,0.000666915,0.0006519622742368466,1.1361818724257235e-06,3.207579682091203e-32,2.2627585854810602e-07,2.2018808362054143e-22,0.0005767515661693152,7.422609162509858e-05
3210,0.000584859,0.0006296771285206864,1.1704995760701373e-06,3.3032138347953766e-32,2.3472925861488564e-07,2.2905829094278067e-22,0.0005568046069888801,7.18451339856624e-05
3205,0.000553178,0.0006072890153937686,1.2063946732637079e-06,3.4031630357632505e-32,2.43662532916858e-07,2.3847491135044486e-22,0.0005366452562096446,6.957154326648441e-05
3200,0.000557972,0.000585169306418842,1.2439652587781093e-06,3.5076891450535763e-32,2.5311247190736434e-07,2.4848371210674805e-22,0.0005166507682449028,6.739930173179487e-05
3195,0.00053289,0.0005635947127629545,1.2833171665435473e-06,3.6170740549629135e-32,2.6311943675573186e-07,2.5913534883114986e-22,0.0004971033372639759,6.532278018422039e-05
3190,0.000512569,0.0005427575509901307,1.3245647134273008e-06,3.731621543951064e-32,2.737277804114422e-07,2.7048600490567106e-22,0.0004782003889067335,6.333671087809957e-05
3185,0.000536827,0.0005227794594364727,1.3678315276865788e-06,3.851659332276769e-32,2.849863272978753e-07,2.8259813049702385e-22,0.00046006832056463744,6.143616230539192e-05
3180,0.000517016,0.0005037258610732019,1.4132514732837672e-06,3.977541364603016e-32,2.9694892107352084e-07,2.9554129930930806e-22,0.0004427769862169275,5.961651575045816e-05
3175,0.00051046,0.00048561948572616324,1.4609696829414534e-06,4.1096503484121817e-32,3.096750516262139e-07,3.093932049684131e-22,0.0004263532387713458,5.787344350879087e-05
3170,0.000500792,0.00046845208412045247,1.5111437147918816e-06,4.2484005812191784e-32,3.2323057454846917e-07,3.2424082362450576e-22,0.0004107926624540051,5.6202888665648096e-05
3165,0.000475762,0.00045219403651753666,1.563944849795565e-06,4.3942411043847084e-32,3.3768853886016915e-07,3.4018177518310214e-22,0.0003960691980844996,5.460104633292243e-05
3160,0.000403684,0.0004368019063546592,1.6195595498331302e-06,4.547659226929038e-32,3.531301417997781e-07,3.5732592284976784e-22,0.00038214271170554473,5.306434624602266e-05
3155,0.000395663,0.0004222241698650696,1.6781910995938443e-06,4.7091844692699934e-32,3.6964583322365413e-07,3.7579725980517084e-22,0.0003689647375940806,5.158943662671258e-05
3150,0.000455089,0.0004084054225148735,1.7400614591921153e-06,4.879392984425975e-32,3.8733659669449567e-07,3.957361433501579e-22,0.0003564826965250507,5.017316922247724e-05
3145,0.000429313,0.00039528936750952894,1.8054133589598532e-06,5.058912523137662e-32,4.063154399060845e-07,4.173019514805698e-22,0.0003446428945613328,4.881258543787129e-05
3140,0.000447504,0.00038282086236076756,1.8745126732357756e-06,5.248428019813497e-32,4.2670913393786825e-07,4.406762555075133e-22,0.0003333925783638419,4.7504903478293086e-05
3135,0.000391807,0.00037094725666047537,1.9476511163842117e-06,5.448687888486349e-32,4.486602492847834e-07,4.660666262881364e-22,0.0003226812801517369,4.624750643161056e-05
3130,0.000356639,0.0003596192092998432,2.025149311950654e-06,5.660511132434593e-32,4.723295470803544e-07,4.93711222570623e-22,0.00031246164051139733,4.503793121795595e-05
3125,0.0003512,0.00034879113223534213,2.107360295077894e-06,5.884795388196674e-32,4.97898796956657e-07,5.238843501900853e-22,0.0003026898560890999,4.387385834274873e-05
3120,0.000364867,0.00033842137291924317,2.194673519412401e-06,6.122526044911331e-32,5.255741092474725e-07,5.569032335365537e-22,0.00029332586418656713,4.2753102392557265e-05
3115,0.000373339,0.0003284722191387188,2.2875194531597393e-06,6.37478660389741e-32,5.555898896235492e-07,5.931363102131284e-22,0.00028433334786673173,4.167360321774482e-05
3110,0.000310701,0.0003189097877438408,2.3863748652454565e-06,6.642770472976676e-32,5.882135498934698e-07,6.330134521873104e-22,0.0002756796228672958,4.0633417749947125e-05
3105,0.000278112,0.0003097038417017052,2.491768922391478e-06,6.927794470162274e-32,6.237511410920596e-07,6.770386405548997e-22,0.00026733545052047146,3.9630712406291265e-05
3100,0.000256356,0.000300827567121912,2.604290242198438e-06,7.231316114355469e-32,6.625541160376668e-07,7.258057884136109e-22,0.00025927480801633113,3.866375603588588e-05
3095,0.00028024,0.0002922573324591109,2.724595077139876e-06,7.555018723485531e-32,7.050274807802172e-07,7.800186346821726e-22,0.0002514746378222363,3.773091336749562e-05
3090,0.000258101,0.00028397244524458356,2.8534168411423656e-06,7.903028685155084e-32,7.516396610561183e-07,8.405159462296489e-22,0.00024391459111046298,3.683063892046323e-05
3085,0.000264928,0.0002759549168091823,2.991577235968216e-06,8.347811928146246e-32,8.029344952780081e-07,9.083037034033257e-22,0.00023657677502260608,3.596147134387112e-05
3080,0.000283826,0.000268189242047766,3.1399992912888265e-06,1.084860910976586e-31,8.595458752612296e-07,9.845965598984554e-22,0.00022944551001810806,3.512202815164894e-05
3075,0.000230106,0.00026066219897019296,3.299722703195821e-06,6.546135697984411e-31,9.222156969990994e-07,1.0708717445147945e-21,0.00022250710103469105,3.4311000823848054e-05
3070,0.000232132,0.0002533626713110882,3.4719219449407924e-06,1.3512390295924376e-29,9.918159655496102e-07,1.1689398356412732e-21,0.00021574962444251153,3.352715024662732e-05
3065,0.000232136,0.00024628149663176685,3.6579277361772107e-06,2.9445592592522902e-28,1.069376132123606e-06,1.2810386841184399e-21,0.00020916273158636634,3.276930246564079e-05
3060,0.000242197,0.00023941134200515437,3.859252599849843e-06,5.952872816455032e-27,1.1561170421216553e-06,1.4099594924807664e-21,0.00020273746892222658,3.2036344729497386e-05
3055,0.000207891,0.00023274660943797468,4.077621418391188e-06,1.1096699967564705e-25,1.2534932571130371e-06,1.55921816717254e-21,0.00019646611424922405,3.1327221801787474e-05
3050,0.000219314,0.00022628337360004974,4.3150081354450715e-06,1.9067591013204394e-24,1.363246000058245e-06,1.733291339289967e-21,0.0001903420282312354,3.0640932521852094e-05
3045,0.000183259,0.00022001935517051695,4.57368005269067e-06,3.020133073626807e-23,1.4874695781487071e-06,1.937946213330922e-21,0.00018435952023220057,2.9976526596018092e-05
3040,0.000198972,0.00021395393416107577,4.856251566264237e-06,4.40944811798965e-22,1.6286948684982311e-06,2.1807088716844374e-21,0.0001785137274124076,2.93331016024468e-05
3035,0.000202273,0.0002080882089170135,5.165749704996548e-06,5.934310680292868e-21,1.7899942885606755e-06,2.471540660288126e-21,0.00017280050601794318,2.870980019405419e-05
3030,0.000198976,0.00020242510806554772,5.505694516362583e-06,7.361803221760651e-20,1.975113532258488e-06,2.8238335475090827e-21,0.0001672163338203019,2.8105807485165754e-05
3025,0.000223081,0.00019696956430258078,5.880198255849697e-06,8.41833130038156e-19,2.1886360142357903e-06,3.255918367512595e-21,0.00016175822271235758,2.7520348608677946e-05
3020,0.000218628,0.00019172876015432518,6.294088556049977e-06,8.873515348217653e-18,2.436185925407743e-06,3.828766720762148e-21,0.0001564236405298822,2.6952686431517488e-05
3015,0.000222423,0.0001867124557621716,6.75306240341923e-06,8.621707392045602e-17,2.724673992762888e-06,5.451362789978358e-20,0.00015121044123731693,2.6402119417127346e-05
3010,0.000187579,0.00018193340530531728,7.263880005845545e-06,7.721803347050465e-16,3.062584274894585e-06,3.756284901949782e-17,0.00014611680268773804,2.5867979624570456e-05
3005,0.000182306,0.0001774078578645167,7.834610743103816e-06,6.374880936938797e-15,3.4602863171395723e-06,1.4997147974061523e-14,0.00014114117123680708,2.5349630834635293e-05
3000,0.000151333,0.00017315611557697865,8.474947721772396e-06,4.851246045322007e-14,3.930326558012743e-06,3.1861306409265378e-12,0.00013628221255703466,2.4846466794056824e-05
2998,0.000182107,0.00017153750995698103,8.753118758551601e-06,1.0678287228659193e-13,4.141854130488793e-06,2.2773497881803305e-11,0.00013437103294128283,2.464932253491815e-05
2995,0.000152633,0.00016920340149155727,9.196613550531752e-06,3.403003600450212e-13,4.487591126586102e-06,3.601322196769006e-10,0.00013153876806082292,2.4357909569637528e-05
2992,0.000155988,0.00016699127323940123,9.67446574896528e-06,1.0531476344239603e-12,4.870835264629129e-06,4.537679378747491e-09,0.00012874771862615624,2.4071556155665257e-05
2989,0.000146423,0.00016494137356134236,1.019029292974411e-05,3.165061422060769e-12,5.295532175696993e-06,4.55559624966382e-08,0.00012599768294915706,2.3790147667727243e-05
2986,0.000135117,0.00016330247662942602,1.074819798030942e-05,9.2372153008628e-12,5.7656527469642666e-06,3.644149946723633e-07,0.00012328847030394552,2.3513572654860248e-05
2983,0.000133788,0.00016344439627253185,1.1352848717816125e-05,2.6179782127930536e-11,6.285074762405087e-06,2.3226664259231616e-06,0.00012061989873776371,2.324172273738273e-05
2980,0.00015928,0.00017125242906101,1.200957303085766e-05,7.205382286684389e-11,6.858821165554061e-06,1.1795518537889508e-05,0.00011799179305375781,2.2974492507669153e-05
2977,0.000167788,0.00020569986679205433,1.272447306625772e-05,1.925812782824475e-10,7.507786693546127e-06,4.772949334918683e-05,0.00011540398295575465,2.2711779434571786e-05
2974,0.000272867,0.0003107030293143038,1.3504562896455663e-05,4.998470582110688e-10,8.38105323076659e-06,0.00015388496951152477,0.0001128563013456987,2.245348377134101e-05
2971,0.000613103,0.0005522538506491353,1.4357935284718339e-05,1.2598715059520587e-09,1.0407694966345917e-05,0.00039531671058324626,0.00011034858276495829,2.2199508466901577e-05
2968,0.001034635,0.0009720932625200695,1.5293964702176416e-05,3.0837659229396386e-09,1.8184884459958283e-05,0.0008091587498289909,0.00010788066197121312,2.194975908034885e-05
2965,0.001526373,0.0015122333274521045,1.6323555761293786e-05,7.329976698938958e-09,4.946426781846178e-05,0.0013196594988425497,0.0001054523726431067,2.1704143698534897e-05
2962,0.002106248,0.0020131569708709803,1.745944887731414e-05,1.6919589462068192e-08,0.00015666852264887624,0.0017148638019819635,0.00010306354620528529,2.146257285662009e-05
2959,0.002613782,0.0023694972771223215,1.8716598476093527e-05,3.7926527924984705e-08,0.0004536150112790011,0.001775566611899517,0.0001007140107668546,2.122495946147144e-05
2956,0.002996279,0.002709178147723248,2.0112643743081187e-05,8.255861313028069e-08,0.0011051472014493187,0.001464818776321799,9.840359016666583e-05,2.0991218717793828e-05
2953,0.003297158,0.003316017935731882,2.1668498185065348e-05,1.7452101474682882e-07,0.0022147832619251917,0.0009628761247193346,9.613210311919924e-05,2.076126805688568e-05
2950,0.004199121,0.0042698514651893045,2.3409092756941358e-05,3.5826064885369904e-07,0.0036277187829842563,0.0005043087805647342,9.389936245514483e-05,2.0535027067914844e-05
2947,0.004851414,0.005195044980442579,2.5364318838466472e-05,7.141945382604203e-07,0.004846870270055757,0.0002104564464159311,9.170517445108939e-05,2.0312417431615456e-05
2944,0.005564388,0.00548695817589213,2.757023312763358e-05,1.382610908524222e-06,0.0052787615049542155,6.997896709097886e-05,8.9549338243009e-05,2.0093362856310485e-05
2941,0.005323687,0.0048439419975536725,3.0070608239625616e-05,2.599258491105202e-06,0.004685800423171142,1.8540114605634592e-05,8.743164531853701e-05,1.9877789016168895e-05
2938,0.003223955,0.003537041711544956,3.291894285201335e-05,4.745314506744759e-06,0.0033908240085475335,3.913784352365733e-06,8.535187908322988e-05,1.96656234916104e-05
2935,0.00221567,0.002149519127376973,3.618108697293264e-05,8.412916330351514e-06,0.0020018780595389266,6.582956152369112e-07,8.330981449629232e-05,1.94567957117742e-05
2932,0.001001632,0.0011212411874242812,3.9938695982753135e-05,1.4484188752207e-05,0.0009665514657382367,8.82235692095973e-08,8.130521777144405e-05,1.9251236898971945e-05
2929,0.000393773,0.0005511910299532339,4.4293807803210605e-05,2.421630175560187e-05,0.00038466261472707813,9.420802014912899e-09,7.933784613882104e-05,1.9048880015048437e-05
2926,0.000122416,0.0003143556052383257,4.937494896692172e-05,3.9317645396707136e-05,0.00012978294323947033,8.015501903567137e-10,7.740744766400049e-05,1.8849659709576757e-05
2923,8.5267e-05,0.00025222078267683496,5.534532679349249e-05,6.199165361289767e-05,4.109431582955505e-05,5.43391897039251e-11,7.551376112042338e-05,1.8653512269817724e-05
2920,0.000144485,0.0002651012599914384,6.241386408325125e-05,9.491721322875143e-05,1.6031129548753103e-05,2.935183025041246e-12,7.365651591166417e-05,1.8460375572376458e-05
2917,0.000276284,0.000311594101109791,7.085007740768713e-05,0.00014113111555135854,9.88512823630613e-06,1.2632718821175652e-13,7.183543204016147e-05,1.8270189036491596e-05
2914,0.000422955,0.0003807436415656366,8.10040547778502e-05,0.00020378236952880654,8.201944845113137e-06,4.332101665860549e-15,7.005022011918022e-05,1.808289357889553e-05
2911,0.000572796,0.0004722902515258424,9.333292613589936e-05,0.00028574357838812253,7.392575295133286e-06,1.1837476284519606e-16,6.830058142492336e-05,1.7898431570186496e-05
2908,0.000726356,0.0005882119131069425,0.00010843487920514345,0.00038909207782212196,6.7598425897077e-06,2.5819828999155846e-18,6.658620798585201e-05,1.7716746792655745e-05
2905,0.000915216,0.0007298630161116676,0.0001270900213550582,0.00051451061057911,6.195658360119134e-06,4.916320870559677e-20,6.490678270640588e-05,1.753778439951555e-05
2902,0.000961789,0.0008969292324062846,0.00015030196831757246,0.0006606969782559378,5.684656723395959e-06,4.652560944156802e-21,6.326197952244367e-05,1.7361490875475835e-05
2899,0.001044608,0.001086907184103613,0.00017931994288612326,0.0008239034918419432,5.222313079624615e-06,3.6733365012429714e-21,6.165146358584385e-05,1.718781399861949e-05
2896,0.00127716,0.0012948541760775599,0.00021559793042063606,0.000997737749990743,4.804742675371595e-06,3.3459074763041073e-21,6.007489147582199e-05,1.7016702803528374e-05
2893,0.001386357,0.0015137899226125833,0.00026102348861988667,0.0011733362898004322,4.427966500559156e-06,3.0649234211067925e-21,5.853191143463222e-05,1.6848107545614086e-05
2890,0.001703755,0.0017450066093895936,0.0003276235922953041,0.0013399686561679682,4.088058922827245e-06,2.8175287117261794e-21,5.702216362542584e-05,1.6681979666609258e-05
2887,0.002197552,0.0020993582316702125,0.0005378433160863559,0.001486047920240089,3.7812844609891592e-06,2.598594654653301e-21,5.554528041014254e-05,1.6518271761177164e-05
2884,0.00285233,0.0031435224671474554,0.0014695070451713479,0.0016004312642637292,3.504174810913642e-06,2.4039631764729715e-21,5.4100886645407126e-05,1.6356937544598807e-05
2881,0.005867886,0.005605753256740706,0.003860176690929614,0.0016738143121910543,3.253563092579816e-06,2.2302011611602953e-21,5.268859999449936e-05,1.619793182149865e-05
2878,0.007774204,0.007933741288119566,0.006163764262616426,0.0016999790342659144,3.026590816639512e-06,2.07445520034972e-21,5.130803125355465e-05,1.6041210455571425e-05
2875,0.007149085,0.007103845368231032,0.005358893568150102,0.0016766634279513424,2.820698387612174e-06,1.9343390855780848e-21,4.995878469024139e-05,1.5886730340274067e-05
2872,0.004361072,0.004276874511297673,0.00260435952638273,0.0016058843120639063,2.6336063758851706e-06,1.8078457334164292e-21,4.864045839324455e-05,1.5734449370448237e-05
2869,0.002222017,0.002451335123880864,0.0008926633407764364,0.0014936493610851608,2.463292262000066e-06,1.6932777200446767e-21,4.735264463096749e-05,1.5584326414840248e-05
2866,0.002048861,0.0018158654344831479,0.0004032886662337861,0.0013491153924093534,2.307965621120919e-06,1.5891921035411396e-21,4.609493021794227e-05,1.5436321289486534e-05
2863,0.001757977,0.001537481844726296,0.0002921799205628288,0.001183356430283735,2.166043548823809e-06,1.4943562989904984e-21,4.4866896887515225e-05,1.5290394731934013e-05
2860,0.001350971,0.0013074546936582114,0.00023901065369014743,0.0010079711238508101,2.0361273600800425e-06,1.4077125658340284e-21,4.3668121669448906e-05,1.5146508376265964e-05
2857,0.001037435,0.0010909002330243777,0.00019808756243130525,0.0008337707287851332,1.9169810964228465e-06,1.3283492521468156e-21,4.249817727115259e-05,1.500462472890505e-05
2854,0.000767694,0.0008927021167088596,0.0001653033988187707,0.0006697477075090733,1.807512063067046e-06,1.2554773751443712e-21,4.1356632461323285e-05,1.4864707145166413e-05
2851,0.000588951,0.0007178432601986169,0.00013909802645928286,0.0005224465493399257,1.7067534265679283e-06,1.1884114424202234e-21,4.024305245484681e-05,1.4726719806534609e-05
2848,0.000404439,0.00056884986366878,0.0001181001828400552,0.0003957660463284303,1.6138487923231681e-06,1.1265536635222093e-21,3.9156999297873124e-05,1.4590627698639334e-05
2845,0.000416151,0.00044601657032269703,0.00010117237328653145,0.0002911395708613615,1.5280386213955015e-06,1.0693808875123989e-21,3.8098032252044e-05,1.445639658990572e-05
2842,0.000381017,0.0003478618896048795,8.74173554416792e-05,0.00020798402594519592,1.4486483187769176e-06,1.0164337443121793e-21,3.706570817691253e-05,1.4323993010855977e-05
2839,0.00031583,0.0002716795754011346,7.614318408806462e-05,0.00014428618864012642,1.3750778177912112e-06,9.673075769639782e-22,3.605958190965331e-05,1.4193384234040089e-05
2836,0.00028423,0.00021409760166623312,6.682058244701087e-05,9.720432312230886e-05,1.306792489660407e-06,9.216448365476158e-22,3.507920664122015e-05,1.406453825457392e-05
2833,0.000226009,0.00017156537953743792,5.904489012169449e-05,6.359345742677957e-05,1.2433152180765088e-06,8.791286773539495e-22,3.4124134288164234e-05,1.3937423771264221e-05
2830,0.000198269,0.0001407200842643874,5.250555047699081e-05,4.0402229555663836e-05,1.1842194925935367e-06,8.3947754148667325e-22,3.319391585937984e-05,1.381201016830045e-05
2827,0.000163907,0.00011861708590977533,4.69627644786436e-05,2.4926670015351094e-05,1.1291233897298353e-06,8.024405626599816e-22,3.228810181709751e-05,1.3688267497494378e-05
2824,0.000141374,0.00010283670579723034,4.223000380886542e-05,1.4934450058739821e-05,1.0776843256217055e-06,7.677936510882946e-22,3.140624243149556e-05,1.3566166461048933e-05
2821,0.000103511,9.149555167925855e-05,3.8161022967635114e-05,8.689208998769957e-06,1.0295944782058804e-06,7.353361469197127e-22,3.0547888128350076e-05,1.3445678394838624e-05
2818,9.30217e-05,8.319582773302202e-05,3.464022686532126e-05,4.909500284987185e-06,9.845767898789843e-07,7.048879500911804e-22,2.9712589829191368e-05,1.3326775252184328e-05
2815,7.55437e-05,7.694314697300352e-05,3.157550877391057e-05,2.6937691428006206e-06,9.423814732462943e-07,6.7628705088640535e-22,2.8899899283481038e-05,1.3209429588106094e-05
2812,6.71323e-05,7.205614718283997e-05,2.8892899072261353e-05,1.4353225097973164e-06,9.027829529160823e-07,6.493873987091758e-22,2.8109369392368308e-05,1.309361454403801e-05
2809,5.28024e-05,6.808282131434682e-05,2.6532542055326216e-05,7.426850055658654e-07,8.655771853784207e-07,6.240570573043447e-22,2.734055452362751e-05,1.2979303832989906e-05
2806,5.6099e-05,6.473105713681046e-05,2.44456501369417e-05,3.731864389232444e-07,8.305793069257233e-07,6.001766033795038e-22,2.6593010817419698e-05,1.2866471725141188e-05
2803,5.02282e-05,6.18154522182429e-05,2.259218110577104e-05,1.821013181580973e-07,7.976215664402567e-07,5.776377327035443e-22,2.5866296482562038e-05,1.2755093033852566e-05
2800,4.32853e-05,5.921917017536624e-05,2.093905360186564e-05,8.629117112446785e-08,7.665515058088746e-07,5.563420435990597e-22,2.5159972083026278e-05,1.2645143102082084e-05
