x,y,y_predicted,peak_1,peak_2,peak_3,peak_4,peak_5,peak_6,peak_7,peak_8,peak_9
3795,8.79944e-05,9.836278978148387e-05,7.163106591251072e-10,1.6110907469299727e-07,3.1535826463584237e-07,3.1564747547489627e-07,6.810571907890182e-12,1.2602132105735621e-07,1.5399889546698244e-05,3.16055865902023e-05,1.9257389733571464e-05
3790,8.59041e-05,9.878301541886065e-05,7.239543729594998e-10,1.6288056648750733e-07,3.1888059739234116e-07,3.193707488368064e-07,6.891611121275536e-12,1.2755230041520558e-07,1.566926110333149e-05,3.238515294786468e-05,2.004647968955448e-05
3785,6.10626e-05,9.921411221180181e-05,7.317210816442639e-10,1.6468143737459607e-07,3.224622653255769e-07,3.231602889415606e-07,6.974105419662859e-12,1.2911134761022894e-07,1.594568384565901e-05,3.319269056790376e-05,2.0880840075924535e-05
3780,8.48825e-05,9.965862360096454e-05,7.396134380027901e-10,1.6651234060267378e-07,3.2610460845094946e-07,3.270176776816709e-07,7.058089848049866e-12,1.3069915292377373e-07,1.6229403152830177e-05,3.4029487562301244e-05,2.1763596713983152e-05
3775,8.12087e-05,0.000100119617052753,7.47634166762284e-10,1.6837394767775126e-07,3.2980900482091675e-07,3.3094454443454414e-07,7.143600512873782e-12,1.323164279876924e-07,1.6520675037964783e-05,3.489690249245655e-05,2.2698099283173315e-05
3770,0.000116748,0.00010060077916154586,7.557860669050353e-10,1.702669489792092e-07,3.3357687182782645e-07,3.349425677832337e-07,7.230674620824871e-12,1.339639065816804e-07,1.681976669849187e-05,3.579636865468553e-05,2.3687932538996366e-05
3765,0.000104098,0.00010110652701179059,7.640720141098667e-10,1.7219205439993812e-07,3.374096675590992e-07,3.3901347731037567e-07,7.319350519325786e-12,1.3564234546557052e-07,1.7126957099507177e-05,3.672939863241288e-05,2.473692629437214e-05
3760,7.36817e-05,0.00010164213836179327,7.724949632877376e-10,1.7414999401194559e-07,3.4130889220717476e-07,3.4315905546889867e-07,7.4096677387595e-12,1.37352525248341e-07,1.7442537592395066e-05,3.7697589129001464e-05,2.5849163466085228e-05
3755,8.81629e-05,0.0001022139035257996,7.810579512156834e-10,1.7614151875861027e-07,3.4527608953678143e-07,3.4738113953327546e-07,7.501667036531919e-12,1.390952512957096e-07,1.7766812571130088e-05,3.8702626095126125e-05,2.7028985280473765e-05
3750,7.62612e-05,0.00010282930214455055,7.897640992734803e-10,1.781674011747939e-07,3.493128484121864e-07,3.5168162363530933e-07,7.595390443061502e-12,1.4087135467827095e-07,1.8100100168856987e-05,3.974629016435491e-05,2.828099247463314e-05
3745,6.45753e-05,0.00010349720832497105,7.986166162875979e-10,1.8022843613611233e-07,3.534208043872648e-07,3.5606246088866684e-07,7.690881309792264e-12,1.4268169316227429e-07,1.8442732997547764e-05,4.083046241008232e-05,2.9610041011472853e-05
3740,8.43243e-05,0.00010422812786363357,8.076188014873482e-10,1.823254416387117e-07,3.5760164136133906e-07,3.605256656065997e-07,7.788184359333089e-12,1.44527152245234e-07,1.879505893374991e-05,4.1957130436093694e-05,3.102123043864109e-05
3735,8.28406e-05,0.00010503447139714399,8.1677404757823e-10,1.8445925961099264e-07,3.6185709330393557e-07,3.650733156175661e-07,7.887345737831066e-12,1.4640864623871904e-07,1.915744195367443e-05,4.312839481175216e-05,3.251988255223683e-05
3730,9.29099e-05,0.0001059308672755441,8.260858439378797e-10,1.8663075675876607e-07,3.661889460517356e-07,3.69707554683715e-07,7.98841306969396e-12,1.4832711940078172e-07,1.9530263021125544e-05,4.434647586097096e-05,3.411150746708525e-05
3725,0.00010782,0.00010693451763445413,8.355577799402145e-10,1.8884082544544567e-07,3.705990391812082e-07,3.744305950274906e-07,8.091435514782436e-12,1.5028354712065272e-07,1.991392103205095e-05,4.561372081165707e-05,3.580175353992557e-05
3720,0.000121685,0.00010806560041468068,8.451935484136849e-10,1.9109038460892861e-07,3.75089267960589e-07,3.792447199719146e-07,8.196463828200693e-12,1.5227893715847202e-07,2.0308833819788784e-05,4.6932611309022294e-05,3.759633683989932e-05
3715,0.000130853,0.00010934771876687055,8.549969492398496e-10,1.9338038071693668e-07,3.79661585385054e-07,3.8415228670043525e-07,8.303550422820904e-12,1.543143309429994e-07,2.0715439225414486e-05,4.830577129188834e-05,3.9500945022489744e-05
3710,0.000114905,0.00011080839715307012,8.649718930988288e-10,1.9571178876266073e-07,3.843180042991874e-07,3.891557291425597e-07,8.412749434685761e-12,1.5639080493042354e-07,2.1134196237942303e-05,4.973597522562994e-05,4.1521109565757133e-05
3705,0.000131099,0.00011247962022684833,8.751224053685327e-10,1.980856133026734e-07,3.8906059961103233e-07,3.9425756099188387e-07,8.524116791441178e-12,1.5850947202757844e-07,2.1565586209521142e-05,5.122615667847297e-05,4.366203942449379e-05
3700,0.000134408,0.0001143984058876057,8.85452630184889e-10,2.0050288953916834e-07,3.938915106022775e-07,3.9946037886348185e-07,8.637710283960393e-12,1.60671483083083e-07,2.201011415118107e-05,5.2779417219156824e-05,4.592840833988448e-05
3695,0.000133488,0.00011660739735887045,8.959668346707432e-10,2.0296468444870147e-07,3.988129433393662e-07,4.047668655980756e-07,8.753589641331641e-12,1.628780284501281e-07,2.246831011514179e-05,5.439903560313484e-05,4.832408745354057e-05
3690,0.000132508,0.00011915545030468516,9.066694133414846e-10,2.05472097959736e-07,4.038271731906131e-07,4.1017979372083947e-07,8.87181660939005e-12,1.651303396248783e-07,2.2940730670187895e-05,5.608847720108927e-05,5.085181473038686e-05
3685,0.00016816,0.0001220981794725265,9.175648926958676e-10,2.080262641814142e-07,4.0893654745468096e-07,4.1570202906314085e-07,8.992455032987339e-12,1.6742969096469347e-07,2.34279604771544e-05,5.7851403607047806e-05,5.3512793299294085e-05
3680,0.000140209,0.0001254984148653767,9.286579360009982e-10,2.1062835268612237e-07,4.1414348810607116e-07,4.2133653455608074e-07,9.115570942203442e-12,1.6977740149064884e-07,2.3930613972151802e-05,5.969168234322536e-05,5.630621258302162e-05
3675,8.13189e-05,0.0001294265000192736,9.399533482809178e-10,2.1327956984855023e-07,4.19450494663643e-07,4.2708637420518253e-07,9.241232642717855e-12,1.7217483677911346e-07,2.4449337165797715e-05,6.161339655414494e-05,5.922868952937031e-05
3670,0.000105901,0.00013396034514092747,9.514560815187438e-10,2.1598116024411914e-07,4.248601471884784e-07,4.329547172561974e-07,9.36951081057134e-12,1.7462341094744332e-07,2.4984809567420124e-05,6.362085455279505e-05,6.227363298510582e-05
3665,0.000144106,0.0001391851270279408,9.63171240082889e-10,2.1873440810978958e-07,4.303751094178156e-07,4.3894484256260397e-07,9.500478591563769e-12,1.7712458873919335e-07,2.5537746243952276e-05,6.571859904558378e-05,6.543054291951402e-05
3660,0.00013539,0.00014519250845305151,9.751040863884307e-10,2.2154063887046606e-07,4.359981320421342e-07,4.450601431660279e-07,9.634211705548716e-12,1.796798877145749e-07,2.6108900024068438e-05,6.791141581953388e-05,6.868426836606642e-05
3655,0.000125588,0.00015207923623393235,9.872600468053958e-10,2.2440122073437307e-07,4.417320561329475e-07,4.513041311015281e-07,9.770788555902853e-12,1.8229088055227744e-07,2.6699063859012367e-05,7.020434162322818e-05,7.201426387804755e-05
3650,8.74155e-05,0.00015994497554835087,9.996447178262823e-10,2.2731756636099587e-07,4.475798167292275e-07,4.5768044244047367e-07,9.910290344465624e-12,1.8495919746918297e-07,2.7309073352549928e-05,7.26026709110082e-05,7.539390365952991e-05
3645,0.00019301,0.0001688892559153849,1.012263872505958e-09,2.3029113460537878e-07,4.535444465909532e-07,4.641928425845054e-07,1.0052801192263538e-11,1.8768652876490173e-07,2.793980947355518e-05,7.511196104617254e-05,7.878993401837158e-05
3640,0.00021082,0.00017900745029894629,1.0251234671877133e-09,2.3332343234280277e-07,4.596290801286981e-07,4.708452318249901e-07,1.0198408266354572e-11,1.9047462749856517e-07,2.859220146590668e-05,7.773803547157734e-05,8.216216566502702e-05
3635,0.000212796,0.00019038579081496684,1.038229648530159e-09,2.3641601637810425e-07,4.6583695751878584e-07,4.776416511832847e-07,1.0347201913149612e-11,1.9332531230577705e-07,2.9267229971648684e-05,8.048698425307531e-05,8.546352321036377e-05
3630,0.000172808,0.0002030955465722424,1.0515887608503507e-09,2.3957049544415127e-07,4.721714290140785e-07,4.845862885481349e-07,1.0499275798591885e-11,1.9624047036417303e-07,2.9965930384766227e-05,8.336516128046661e-05,8.864057389299177e-05
3625,0.000242463,0.0002171866475703561,1.065207353799608e-09,2.427885322942698e-07,4.786359594611055e-07,4.916834851276291e-07,1.0654727055600344e-11,1.9922206051662402e-07,3.0689396454442514e-05,8.63791772697931e-05,9.163464401090481e-05
3620,0.000249953,0.00023268121787254918,1.0790921903893073e-09,2.46071845893694e-07,4.852341330348745e-07,4.989377422342385e-07,1.0813656439210358e-11,2.0227211656172347e-07,3.143878415832562e-05,8.95358875476158e-05,9.438359326521992e-05
3615,0.000251953,0.00024956765180154835,1.0932502553849927e-09,2.4942221371544267e-07,4.919696582034733e-07,5.063537284227669e-07,1.0976168489874937e-11,2.0539275072188336e-07,3.221531586813946e-05,9.284237341023659e-05,9.682425085405847e-05
3610,0.000299792,0.0002677959862535836,1.1076887640882876e-09,2.528414741463426e-07,4.988463729352527e-07,5.139362870023254e-07,1.1142371705419736e-11,2.0858615730007386e-07,3.302028483194537e-05,9.630591563687178e-05,9.889542531693596e-05
3605,0.000285106,0.00028727534266726016,1.122415171527194e-09,2.563315290092749e-07,5.058682501622525e-07,5.216904439449191e-07,1.1312378722181148e-11,2.1185461653703156e-07,3.385505999950811e-05,9.993395849443395e-05,0.00010054129383136049
3600,0.000324757,0.0003078740944101008,1.1374371820766256e-09,2.5989434620812126e-07,5.130394035143744e-07,5.296214162147305e-07,1.1486306505891275e-11,2.1520049868158634e-07,3.4721091219559604e-05,0.00010373406230280444,0.0001017148755575418
3595,0.000331498,0.0003294231454976723,1.1527627595323385e-09,2.6353196250225184e-07,5.203640933397395e-07,5.377346205438983e-07,1.1664276552914443e-11,2.1862626828767492e-07,3.5619914840296805e-05,0.00010771384233490655,0.00010238122291855432
3590,0.000332479,0.0003517223101542294,1.1684001376628781e-09,2.67246486417889e-07,5.278467330276582e-07,5.460356826823403e-07,1.1846415102481455e-11,2.2213448875258495e-07,3.655315974721844e-05,0.0001118808915096237,0.00010251994848547031
3585,0.000395148,0.0003745493275888375,1.1843578312655792e-09,2.7104010130409406e-07,5.354918956517552e-07,5.54530447151099e-07,1.2032853360614005e-11,2.2572782711202437e-07,3.752255387540803e-05,0.00011624268400518884,0.00010212675781821057
3580,0.000363609,0.00039767062945712995,1.2006446477543808e-09,2.7491506854165844e-07,5.43304320951841e-07,5.632249875308208e-07,1.2223727736481115e-11,2.2940905910876688e-07,3.852993123662732e-05,0.00012080645658844988,0.00010121377778409697
3575,0.000407057,0.00042085269737304775,1.2172696993088465e-09,2.788737309136959e-07,5.512889226744744e-07,5.721256173191312e-07,1.2419180091982485e-11,2.3318107455285312e-07,3.95772395051111e-05,0.00012557906414005304,9.980863429356436e-05
3570,0.000409678,0.00044387277253497327,1.2342424156156978e-09,2.829185161473317e-07,5.594507962933883e-07,5.812389013931933e-07,1.2619358005411555e-11,2.3704688299267144e-07,4.066654820976287e-05,0.0001305668055840959,9.795240797200935e-05
3565,0.000428881,0.0004665278233440366,1.251572557236078e-09,2.8705194063646793e-07,5.677952271324149e-07,5.905716681162734e-07,1.2824415050113555e-11,2.4100961971769494e-07,4.180005758455474e-05,0.00013577521624072545,9.56967427404861e-05
3560,0.00047954,0.0004886409967173069,1.26927022963395e-09,2.9127661335629493e-07,5.763276989150714e-07,6.001310221300098e-07,1.3034511089121084e-11,2.450725521152263e-07,4.29801081333472e-05,0.00014120882256196587,9.310047110247127e-05
3555,0.000472772,0.0005100651910947345,1.2873458979032155e-09,2.9559523998091647e-07,5.850539027666034e-07,6.099243578771383e-07,1.3249812586822539e-11,2.492390864052069e-07,4.420919097006302e-05,0.00014687085535075402,9.022613873167612e-05
3550,0.000451526,0.0005306837991552951,1.3058104022336488e-09,3.000106272162236e-07,5.939797466960268e-07,6.199593739027175e-07,1.3470492938798737e-11,2.5351277477901557e-07,4.5489959000188056e-05,0.00015276291798424935,8.713676602104445e-05
3545,0.000479824,0.0005504089985508828,1.3246749741582735e-09,3.0452568736096776e-07,6.031113655876859e-07,6.302440879855056e-07,1.3696732821047403e-11,2.578973229701718e-07,4.6825239014903165e-05,0.00015888460696734195,8.389309570719569e-05
3540,0.000559384,0.0005691781767196266,1.3439512536276424e-09,3.0914344310988397e-07,6.124551317337952e-07,6.407868531550136e-07,1.3928720559909836e-11,2.6239659828708124e-07,4.8218044774779124e-05,0.00016523308345173498,8.05514691683676e-05
3535,0.000565251,0.0005869491554093916,1.3636513069594594e-09,3.138670326136427e-07,6.220176659417326e-07,6.51596374653984e-07,1.4166652524113844e-11,2.6701463814031963e-07,4.967159116583637e-05,0.0001718025963059161,7.716237267803161e-05
3530,0.000541491,0.0006036948544082594,1.3837876457151863e-09,3.1869971481145453e-07,6.31805849252168e-07,6.62681727910612e-07,1.4410733540456808e-11,2.7175565909955906e-07,5.118930951684727e-05,0.00017858396005519757,7.376961444656102e-05
3525,0.000628955,0.0006193979386581235,1.4043732465587998e-09,3.2364487505324757e-07,6.418268353067365e-07,6.74052377589768e-07,1.466117733477286e-11,2.766240665180652e-07,5.277486417295219e-05,0.00018556399466590666,7.041004049504895e-05
3520,0.000489166,0.0006340458659367621,1.425421572156426e-09,3.2870603102952406e-07,6.520880634067038e-07,6.857181977979213e-07,1.49182069999565e-11,2.816244647657794e-07,5.44321704268658e-05,0.00019272493883268734,6.711367166403637e-05
3515,0.000627191,0.0006476266236077589,1.4469465931797757e-09,3.338868390282914e-07,6.625972723070823e-07,6.976894935222971e-07,1.5182055492957275e-11,2.8676166811535495e-07,5.616541391501874e-05,0.0002000438541918223,6.390414013817892e-05
3510,0.000596978,0.0006601253315346477,1.4689628114804289e-09,3.3919110053985727e-07,6.73362514793922e-07,7.09977023391151e-07,1.5452966162812782e-11,2.920407123292029e-07,5.7979071591689054e-05,0.0002074920446735211,6.079931474020838e-05
3505,0.000631963,0.0006715218025256449,1.4914852845067106e-09,3.44622769231753e-07,6.843921730959793e-07,7.225920238490776e-07,1.5731193311955533e-11,2.974668669996046e-07,5.987793439927234e-05,0.00021503452281535371,5.781202316306007e-05
3500,0.000613807,0.0006817890918992129,1.51452965103992e-09,3.5018595831769346e-07,6.956949751857578e-07,7.355462348487431e-07,1.601700279321173e-11,3.030456486983507e-07,6.186713175693197e-05,0.00022262956286962047,5.495080092205861e-05
3495,0.000655944,0.0006908930291473935,1.5381121583319662e-09,3.558849483462175e-07,7.072800120290987e-07,7.488519271687405e-07,1.631067264510936e-11,3.087828349971571e-07,6.395215799249254e-05,0.0002302283882668407,5.2220617522578555e-05
3490,0.000714465,0.0006987927000482469,1.5622496907323118e-09,3.617241954365401e-07,7.191567558468458e-07,7.625219314762744e-07,1.6612493768331167e-11,3.146844794253808e-07,6.613890084295712e-05,0.00023777504746243892,4.9623548149604966e-05
3485,0.000634263,0.0007054418293803266,1.5869597998983304e-09,3.6770833999121904e-07,7.313350794570258e-07,7.765696692631828e-07,1.6922770646386164e-11,3.2075692743734094e-07,6.843367214664371e-05,0.0002452065361122924,4.7159373303677406e-05
3480,0.000700451,0.0007107909960055911,1.612260736689999e-09,3.738422159174351e-07,7.438252767712201e-07,7.910091857945744e-07,1.7241822113834284e-11,3.270068334678517e-07,7.084324084358586e-05,0.00025245322337889066,4.482609923583364e-05
3475,0.000708662,0.0007147905886844223,1.6381714848570335e-09,3.8013086039110915e-07,7.566380845244587e-07,8.058551852211394e-07,1.756998217568448e-11,3.3344117916157195e-07,7.337486838922406e-05,0.00025943963436374007,4.2620399213322185e-05
3470,0.000740641,0.0007173943800589408,1.6647117966345463e-09,3.8657952420067855e-07,7.697847053242033e-07,8.211230680190084e-07,1.7907600881898943e-11,3.4006729286937977e-07,7.603634666779544e-05,0.00026608562776062506,4.05379801996313e-05
3465,0.00070289,0.000718563557927386,1.6919022303717293e-09,3.9319368271020987e-07,7.832768321106772e-07,8.368289709351843e-07,1.825504526128033e-11,3.468928705134309e-07,7.883603846407532e-05,0.00027230798690902424,3.8573882097087226e-05
3460,0.000698228,0.0007182710101371767,1.7197641903274354e-09,3.9997904748457627e-07,7.971266741281746e-07,8.529898096320111e-07,1.8612700319395724e-11,3.539259979317902e-07,8.178292051248703e-05,0.0002780224134935324,3.672271784960592e-05
3455,0.000747213,0.0007165056176401337,1.7483199687762747e-09,4.0694157862279974e-07,8.113469845148731e-07,8.696233242411196e-07,1.8980970105604594e-11,3.6117517482376635e-07,8.488662908763153e-05,0.0002831458774764935,3.497886290430821e-05
3450,0.000783153,0.0007132762769638325,1.7775927905799325e-09,4.140874978492935e-07,8.25951089627481e-07,8.867481280559151e-07,1.9360278854714415e-11,3.6864934042833074e-07,8.815750802565621e-05,0.00028759923730232746,3.33366021412595e-05
3445,0.000690792,0.0007086153569327053,1.8076068603898949e-09,4.214233024166869e-07,8.409529202263921e-07,9.04383759612196e-07,1.97510722092902e-11,3.7635790108044317e-07,9.160665896616612e-05,0.0002913100053310494,3.179024165992977e-05
3440,0.000764856,0.000702581302615854,1.8383874126607347e-09,4.289557798782685e-07,8.563670446574932e-07,9.22550738428973e-07,2.0153818529194422e-11,3.843107598038837e-07,9.524599347277655e-05,0.00029421510033539485,3.0334191937759528e-05
3435,0.000708057,0.0006952601373719397,1.86996076466668e-09,4.3669202379274635e-07,8.722087041779569e-07,9.412706247064993e-07,2.056901029554643e-11,3.925183481143897e-07,9.908828651854115e-05,0.00029626340756225413,2.896302796712204e-05
3430,0.000663249,0.0006867656824816948,1.902354372729405e-09,4.4463945042920256e-07,8.884938505857854e-07,9.605660833057807e-07,2.0997165616962024e-11,4.0099166022378195e-07,0.0001031472305999206,0.00029741796238293996,2.7671531103184065e-05
3425,0.000624656,0.0006772384088907417,1.935596891881172e-09,4.5280581654568653e-07,9.052391863263143e-07,9.80460952364115e-07,2.1438829846678796e-11,4.0974228985446286e-07,0.00010743748945693693,0.00029765758904483174,2.645471655611628e-05
3420,0.000661786,0.000666842947398084,1.9697182392053203e-09,4.611992383210673e-07,9.224622072637243e-07,1.0009803169345986e-06,2.1894577319994536e-11,4.1878246989442016e-07,0.00011197475001206478,0.0002969778616550381,2.5307849754907753e-05
3415,0.000651775,0.000655764398518908,2.004749661115288e-09,4.698282115263905e-07,9.401812483217492e-07,1.0221505880743496e-06,2.236501322236011e-11,4.281251151459812e-07,0.00011677577067737036,0.00029539130705933433,2.4226454201250586e-05
3410,0.000605935,0.000644203685826336,2.0407238048546117e-09,4.787016330294151e-07,9.584155322156351e-07,1.0439995878471443e-06,2.2850775599475434e-11,4.377838684471954e-07,0.00012185842359577865,0.000292926832434244,2.320631291700406e-05
3405,0.00065886,0.0006323722727153549,2.0776747945230488e-09,4.878288237339323e-07,9.77185221516769e-07,1.066556640751274e-06,2.3352537521862626e-11,4.4777315047335614e-07,0.00012724172765133293,0.000289628425872952,2.2243465159628874e-05
3400,0.000597023,0.000620486602207358,2.1156383119594197e-09,4.972195530643662e-07,9.965114743129762e-07,1.0898526721337973e-06,2.3871009417631886e-11,4.5810821355808274e-07,0.00013294586817375536,0.00028555323725497616,2.1334199726714492e-05
3395,0.000640807,0.0006087626186014241,2.1546516828386885e-09,5.068840651157378e-07,1.0164165037509048e-06,1.1139203142078727e-06,2.4406941588545324e-11,4.688051999089484e-07,0.0001389921981389025,0.00028076919172782594,2.047504588283137e-05
3390,0.000532112,0.0005974106909668932,2.194753968371031e-09,5.168331065997358e-07,1.0369236417729265e-06,1.1387940203519616e-06,2.4961126926025346e-11,4.79881204632523e-07,0.00014540321428962514,0.000275352314290203,1.9662762709361023e-05
3385,0.000560958,0.0005866311897127784,2.2359860630233407e-09,5.270779567292664e-07,1.0580574073894971e-06,1.1645101884385472e-06,2.5534403845474164e-11,4.913543440282332e-07,0.0001522024999293704,0.0002693839496662985,1.889432749149884e-05
3380,0.000592774,0.0005766108803369979,2.2783907987191897e-09,5.376304591966813e-07,1.0798435798594058e-06,1.1911072940167811e-06,2.6127659459192845e-11,5.032438296604059e-07,0.0001594146241325209,0.0002629480485696924,1.8166923608189358e-05
3375,0.000579232,0.0005675202055387789,2.322013056012849e-09,5.485030564150111e-07,1.1023092771851062e-06,1.218626034259193e-06,2.6741833010331283e-11,5.155700487739303e-07,0.00016706498473517572,0.0002561286637635572,1.7477928273359634e-05
3370,0.000530837,0.000559511439463678,2.3668998827756517e-09,5.59708826207093e-07,1.1254830403686774e-06,1.2471094836781946e-06,2.7377919592705606e-11,5.283546516819737e-07,0.00017517957969530564,0.0002490077626156405,1.682490038457929e-05
3365,0.000555485,0.0005527176243302769,2.413100620980481e-09,5.712615211446406e-07,1.1493949239164143e-06,1.2766032627250964e-06,2.8036974184005147e-11,5.416206468251094e-07,0.00018378468824482887,0.00024166342291198674,1.6205568663274803e-05
3360,0.000520702,0.0005472521448451698,2.460667042221837e-09,5.83175610758263e-07,1.1740765931270272e-06,1.3071557205041107e-06,2.872011602293224e-11,5.553925042810612e-07,0.00019290643974440445,0.00023416844055449855,1.5617820214816987e-05
3355,0.000541158,0.0005432087609849885,2.509653492666007e-09,5.954663268604209e-07,1.1995614287504845e-06,1.3388181329679854e-06,2.942853336420504e-11,5.696962685945126e-07,0.00020257024440986177,0.00022658934507637977,1.5059689593872755e-05
3350,0.000548484,0.0005406619035648584,2.560117048188624e-09,6.081497122464232e-07,1.225884639662269e-06,1.3716449181127185e-06,3.0163488649169554e-11,5.845596818982699e-07,0.00021280005632694487,0.00021898579374536175,1.4529348427683665e-05
3345,0.000592128,0.0005396670365562042,2.6121176805258316e-09,6.212426730643504e-07,1.253083384261929e-06,1.4056938698580287e-06,3.0926324134060193e-11,6.000123184125052e-07,0.0002236174357792418,0.00021141029801682146,1.402509562523779e-05
3340,0.000643255,0.000540260901861254,2.6657184353417074e-09,6.347630351731713e-07,1.2811969013760924e-06,1.4410264124909769e-06,3.1718468022792906e-11,6.160857315394907e-07,0.00023504037546330614,0.00020390822675365227,1.3545348181904649e-05
3335,0.000621299,0.0005424614830686393,2.7209856231982894e-09,6.487296048399658e-07,1.3102666515254059e-06,1.477707877764959e-06,3.254144115665101e-11,6.328136149198147e-07,0.00024708185451390084,0.00019651802773353375,1.3088632575621512e-05
3330,0.000589009,0.000546267552493319,2.777989024507628e-09,6.631622341622971e-07,1.3403364695032955e-06,1.5158078069888732e-06,3.339686431941479e-11,6.502319789849578e-07,0.00025974808661966724,0.00018927161096655735,1.2653576741046594e-05
3325,0.00062714,0.0005516576998076197,2.8368021096477497e-09,6.780818916408135e-07,1.3714527293129669e-06,1.5554002807153705e-06,3.4286466223504745e-11,6.683793447334678e-07,0.0002730364354944524,0.00018219484266232002,1.223890260136528e-05
3320,0.000705076,0.0005585887815185055,2.8975022755380606e-09,6.935107383706927e-07,1.4036645226191886e-06,1.5965642789476557e-06,3.5212092250672367e-11,6.872969566776414e-07,0.00028693298463309966,0.00017530810589878952,1.184341913295547e-05
3315,0.000567961,0.0005669937804416008,2.960171100095475e-09,7.094722103690521e-07,1.4370238519945467e-06,1.6393840751361602e-06,3.617571402982849e-11,7.07029017158614e-07,0.0003014097710461536,0.0001686268920131102,1.146601593534872e-05
3310,0.000648838,0.0005767791260012301,3.0248946161321574e-09,7.259911076096129e-07,1.4715858403776781e-06,1.6839496676363474e-06,3.7179439944909585e-11,7.27622944515323e-07,0.00031642172712555464,0.00016216239462050062,1.1105657277442544e-05
3305,0.000631425,0.000587821602545882,3.0917636064106154e-09,7.430936903964373e-07,1.5074089583155226e-06,1.7303572527537142e-06,3.822552667744058e-11,7.491296579226805e-07,0.00033190342326730715,0.00015592208542183436,1.0761376590390878e-05
3300,0.000661371,0.0005999650656979451,3.160873921744071e-09,7.608077837763057e-07,1.5445552707350852e-06,1.7787097440203004e-06,3.9316391901898316e-11,7.716038920936882e-07,0.00034776576767968364,0.000149910257273773,1.0432271377773483e-05
3295,0.000701101,0.0006130172951087377,3.232326824221751e-09,7.791628907652574e-07,1.5830907051852169e-06,1.8291173429388081e-06,4.04546282673556e-11,7.951045454770226e-07,0.00036389289811645614,0.00014412852524132918,1.0117498514315872e-05
3290,0.000668024,0.0006267474301550825,3.3062293578520015e-09,7.981903152499505e-07,1.6230853437083616e-06,1.8816981671069419e-06,4.164301881653643e-11,8.196950660860288e-07,0.00038013958866977047,0.0001385762805332876,9.816269905451593e-06
3285,0.000703588,0.0006408845504554534,3.38269474915427e-09,8.179232955202403e-07,1.6646137407494977e-06,1.93657894240981e-06,4.288455401368174e-11,8.454438796783565e-07,0.00039632958358050457,0.00013325109541844344,9.527848481268856e-06
3280,0.000693664,0.0006551180543599955,3.4618428404969295e-09,8.383971494970829e-07,1.7077552697889706e-06,1.9938957668579184e-06,4.418245057596727e-11,8.724248656816093e-07,0.00041225534306746256,0.00012814907956085309,9.251544499775973e-06
3275,0.000740673,0.0006691005257820124,3.543800559274823e-09,8.596494328411234e-07,1.7525945017011737e-06,2.0537949546714937e-06,4.554017233014093e-11,9.007178870459126e-07,0.0004276797204613948,0.00012326518983758096,8.98671213588794e-06
3270,0.000771458,0.0006824537268907589,3.6287024263534247e-09,8.817201112643151e-07,1.7992216181987933e-06,2.116433970390888e-06,4.696145334717507e-11,9.304093811188567e-07,0.0004423400576466692,0.00011859349675389326,8.732746334032111e-06
3265,0.000748108,0.0006947781762300954,3.7166911075791787e-09,9.046517485215237e-07,1.8477328641272626e-06,2.181982464154178e-06,4.845032364378837e-11,9.61593019705798e-07,0.00045595505944652796,0.0001141274111777944,8.48907990375618e-06
3260,0.000778772,0.0007056664462207372,3.80791801257426e-09,9.284897117341805e-07,1.8982310428343629e-06,2.2506234208581836e-06,5.001113778156459e-11,9.943704477271532e-07,0.0004682345685938708,0.00010985987539041838,8.255180839172318e-06
3255,0.000719012,0.0007147198452882428,3.9025439455041084e-09,9.532823958964336e-07,1.9508260593634604e-06,2.322554437745681e-06,5.1648606743110176e-11,1.0288521113491752e-06,0.00047889201287457594,0.00010578352248434782,8.030549844469705e-06
3250,0.000752148,0.000721567582943086,4.000739813035746e-09,9.79081469639502e-07,2.005635516815203e-06,2.3979891470842547e-06,5.336783352153114e-11,1.065158188186791e-06,0.00048765886697001956,0.00010189080801330502,7.814718049060947e-06
3245,0.00072132,0.0007258869414714504,4.102687395301168e-09,1.0059421445860807e-06,2.0627853719037163e-06,2.4771588030747235e-06,5.517435292594733e-11,1.1034196342077712e-06,0.0004943000304762454,9.817411756211513e-05,7.607244897190375e-06
3240,0.000775867,0.0007274225215260836,4.208580186353447e-09,1.0339234709183478e-06,2.12241065651124e-06,2.5603140550139067e-06,5.7074176183652523e-11,1.1437793643680922e-06,0.0004986286656536545,9.462585360935113e-05,7.407716198018445e-06
3235,0.000820241,0.0007260024242882161,4.318624311364213e-09,1.0630886621160331e-06,2.1846562729376123e-06,2.6477269321154272e-06,5.907384101104949e-11,1.1863935868546582e-06,0.0005005188660404974,9.12385047288117e-05,7.215742323306423e-06
3230,0.000664719,0.0007215493792224638,4.433039528672353e-09,1.0935054522013642e-06,2.249677871563798e-06,2.7396930693566987e-06,6.118046793333397e-11,1.2314333141961107e-06,0.0004999146183337234,8.800469984273236e-05,7.030956540859826e-06
3225,0.000714425,0.0007140853475798458,4.55206032577078e-09,1.1252464892634256e-06,2.3176428208256445e-06,2.8365342083844702e-06,6.340182376031399e-11,1.2790860785394226e-06,0.0004968338971574138,8.491724991477926e-05,6.85301347284826e-06
3220,0.000690481,0.0007037289539434523,4.675937119426566e-09,1.158389769534121e-06,2.388731280749521e-06,2.9386010130127918e-06,6.574639327672267e-11,1.3295578832201978e-06,0.0004913673438813121,8.19691791643105e-05,6.681587669007767e-06
3215,0.000666915,0.0006906860606398913,4.804937571391602e-09,1.1930191168623832e-06,2.463137392866337e-06,3.0462762453550174e-06,6.822346038478328e-11,1.3830754285530508e-06,0.00048367170781220677,7.915374760083285e-05,6.516372285551749e-06
3210,0.000584859,0.0006752346992741056,4.9393480325973885e-09,1.2292247130946576e-06,2.541070601130437e-06,3.1599783563511448e-06,7.084320015062648e-11,1.4398886567526793e-06,0.00047395891735882217,7.646446642187705e-05,6.357077861372849e-06
3205,0.000553178,0.0006577062250592034,5.079475130368339e-09,1.267103685633162e-06,2.6227571205682676e-06,3.280165553636615e-06,7.361678346185072e-11,1.5002736693384737e-06,0.0004624821581771204,7.389510758936836e-05,6.203431183812888e-06
3200,0.000557972,0.0006384648506950177,5.22564751506219e-09,1.3067607593259243e-06,2.708441572819302e-06,3.4073404206601733e-06,7.655649631024622e-11,1.564536080617554e-06,0.0004495205759771558,7.143970869840164e-05,6.05517423691774e-06
3195,0.00053289,0.0006178876332324385,5.378217784694011e-09,1.3483089808656779e-06,2.7983888105700473e-06,3.5420551740819472e-06,7.967587608290959e-11,1.6330148833136152e-06,0.00043536417855799314,6.909257407663915e-05,5.912063225679853e-06
3190,0.000512569,0.000596346604148775,5.537564608564626e-09,1.3918705250626502e-06,2.892885956194704e-06,3.684917662247291e-06,8.29898676909454e-11,1.706086917658151e-06,0.00042030023745880243,6.684827290034414e-05,5.7738676703096385e-06
3185,0.000536827,0.0005741941768781186,5.704095073746727e-09,1.4375775937391514e-06,2.9922446837911282e-06,3.836598226532388e-06,8.651500290561045e-11,1.7841720539811421e-06,0.00040460207851502895,6.470163498213632e-05,5.640369565069576e-06
3180,0.000517016,0.0005517523728545285,5.878247281545589e-09,1.4855734196076075e-06,3.0968037783459982e-06,3.997837570341551e-06,9.026960692970016e-11,1.8677392219188937e-06,0.00038852070489054594,6.26477447735988e-05,5.511362596656289e-06
3175,0.00051046,0.0005293058853036039,6.060493224818322e-09,1.5360133893808588e-06,3.206932011106382e-06,4.169455808440241e-06,9.427403703582231e-11,1.9573134479402164e-06,0.0003722792990831552,6.0681934030652366e-05,5.38665141752963e-06
3170,0.000500792,0.0005070986134131675,6.251341981391407e-09,1.5890663025765668e-06,3.3230313765346274e-06,4.352362903315789e-06,9.8550959089318e-11,2.0534840984558655e-06,0.0003560703521288957,5.879977350902047e-05,5.2660509699655995e-06
3165,0.000475762,0.00048533306705908535,6.451343263867338e-09,1.6449157850790262e-06,3.445540743669684e-06,4.5475707368711234e-06,1.031256689885223e-10,2.156914570239762e-06,0.0003400549850143522,5.699706398920972e-05,5.149385856956734e-06
3160,0.000403684,0.00046417194918719335,6.661091371976874e-09,1.7037618795880134e-06,3.574939983544368e-06,4.756207116888064e-06,1.0802646755857636e-10,2.2683537257648817e-06,0.000324363949543153,5.5269826873437826e-05,5.036489756399796e-06
3155,0.000395663,0.0004437412359567717,6.881229600464111e-09,1.7658228387087262e-06,3.7117546448013465e-06,4.979532080794905e-06,1.1328509930433425e-10,2.388649441644321e-06,0.00030909979942370433,5.3614294549315065e-05,4.927204875300817e-06
3150,0.000455089,0.00042413415548815447,7.112455163462951e-09,1.831337150732653e-06,3.856561262162255e-06,5.2189569374928405e-06,1.1893726776343279e-10,2.5187647280409116e-06,0.0002943397786237118,5.202690067542624e-05,4.821381440992586e-06
3145,0.000429313,0.00040541558020401386,7.355524705648502e-09,1.9005658332665322e-06,4.0099933973688695e-06,5.476066585417696e-06,1.2502324313339514e-10,2.659796991494476e-06,0.0002801390571764728,5.05042705110626e-05,4.718877226602316e-06
3140,0.000447504,0.0003876264694034158,7.611260481383663e-09,1.973795035956257e-06,4.172748530171933e-06,5.752645766951929e-06,1.315885815492329e-10,2.8130011609352345e-06,0.00026653403483671345,4.904321138517825e-05,4.619557108229134e-06
3135,0.000391807,0.00037078811118284086,7.880557295939677e-09,2.051339000837658e-06,4.3455959385605595e-06,6.0507100727142856e-06,1.3868498008852307e-10,2.979817587280486e-06,0.0002535455173480235,4.764070337727786e-05,4.52329265149463e-06
3130,0.000356639,0.0003549060073878717,8.164390318027672e-09,2.1335434375887543e-06,4.529385733540376e-06,6.372542703308443e-06,1.4637129758351104e-10,3.161905875357767e-06,0.00024118164167173694,4.629389026462766e-05,4.429961725315336e-06
3125,0.0003512,0.0003399733190364809,8.463823890799094e-09,2.220789381486319e-06,4.725059245429381e-06,6.720738242966668e-06,1.54714779032312e-10,3.3611861327559818e-06,0.00022944048285779262,4.50000707752414e-05,4.339448140916696e-06
3120,0.000364867,0.0003259738433802602,8.780021489714595e-09,2.3134976145927223e-06,4.93366099716733e-06,7.098255015413293e-06,1.6379253137541427e-10,3.579889551001503e-06,0.0002183123166866605,4.3756690173981435e-05,4.251641314264066e-06
3115,0.000373339,0.0003128845301904656,9.114257000938745e-09,2.412133746130477e-06,5.156352547196578e-06,7.508477999030217e-06,1.7369331139072892e-10,3.820620808532653e-06,0.00020778154069558998,4.256133219934923e-05,4.1664359502292255e-06
3110,0.000310701,0.0003006775674171202,9.467927524036104e-09,2.5172140667905293e-06,5.39442854219006e-06,7.955294805613883e-06,1.8451970349279276e-10,4.086435556428711e-06,0.00019782827424682037,4.141171136073138e-05,4.083731746942119e-06
3105,0.000278112,0.00028932207847796995,9.842567938776441e-09,2.629312314686098e-06,5.649335390983446e-06,8.443187915073945e-06,1.9639078772978472e-10,4.380937293913757e-06,0.0001884296684472674,4.030566559966017e-05,4.00343311889743e-06
3100,0.000256356,0.00027878547805776637,1.0239867519098729e-08,2.74906751885219e-06,5.92269305898403e-06,8.97734726297343e-06,2.0944542825641558e-10,4.708399372531868e-06,0.00017956096124694816,3.924114931378269e-05,3.9254489374962644e-06
3095,0.00028024,0.0002690345328078949,1.0661688929357624e-08,2.8771931209377732e-06,6.2163205915572206e-06,9.563808476145743e-06,2.238463528466933e-10,5.073919847722653e-06,0.00017119631377041073,3.8216226738453684e-05,3.8496922878038676e-06
3090,0.000258101,0.00026003616948869755,1.1110090000901439e-08,3.0144876187614977e-06,6.532266111233233e-06,1.0209623652123593e-05,2.3978524862935014e-10,5.483619663553919e-06,0.00016330946228642357,3.7229065677987746e-05,3.776080240397656e-06
3085,0.000264928,0.000251758067087711,1.1587348763345649e-08,3.1618470289237397e-06,6.872842204594772e-06,1.0923073734248274e-05,2.5748917399581613e-10,5.9448985681585675e-06,0.0001558742172269854,3.627793157645885e-05,3.704533637264637e-06
3080,0.000283826,0.0002441690619858078,1.2095992297810027e-08,3.320279532574995e-06,7.240667830314366e-06,1.1713934465673081e-05,2.7722869003394257e-10,6.466768755789923e-06,0.00014886483704260387,3.536118191637779e-05,3.6349768907860743e-06
3075,0.000230106,0.0002372393866205356,1.26388300929236e-08,3.4909227525098302e-06,7.638718153077447e-06,1.2593811929685197e-05,2.993282594236093e-10,7.060294349516599e-06,0.00014225630089780477,3.447726093250743e-05,3.567337794918897e-06
3070,0.000232132,0.0002309407522289245,1.3218992723724395e-08,3.675064215953355e-06,8.07038405640303e-06,1.3576569265813926e-05,3.2417966527791993e-10,7.739176777935997e-06,0.00013602450056022692,3.362469462738268e-05,3.5015473477498657e-06
3065,0.000232136,0.00022524627469850097,1.3839976845263794e-08,3.874165692313982e-06,8.53954353382233e-06,1.4678873980200385e-05,3.5225949546191906e-10,8.52054392771572e-06,0.00013014636848244598,3.280208607472621e-05,3.437539584659159e-06
3060,0.000242197,0.00022013022849938838,1.4505697705223555e-08,4.089892267561972e-06,9.050647733652042e-06,1.5920906379809474e-05,3.841521634874189e-10,9.426028016961863e-06,0.0001245999560960717,3.200811099681069e-05,3.3752514213863524e-06
3055,0.000207891,0.00021556759589409877,1.52205506440753e-08,4.324147238535355e-06,9.608825179893925e-06,1.7327285630451273e-05,4.205805641950311e-10,1.0483258952963565e-05,0.00011936447375517916,3.124151360187402e-05,3.3146225063431908e-06
3050,0.000219314,0.00021153335551721272,1.5989483381432366e-08,4.579114197304524e-06,1.0220008668167821e-05,1.892829320847065e-05,4.6244740128616053e-10,1.1727965816686023e-05,0.0001144203015695468,3.0501102667896376e-05,3.2555950815652696e-06
3045,0.000183259,0.00020800142419729229,1.6818081301753176e-08,4.857308049464892e-06,1.0891090620187775e-05,2.076150792357502e-05,5.108916536980373e-10,1.3206985103958176e-05,0.00010974897852733171,2.9785747859361282e-05,3.19811385173845e-06
3040,0.000198972,0.00020494312743323673,1.7712668475768495e-08,5.161637200731523e-06,1.1630114382824564e-05,2.2874018380968905e-05,5.673668668952674e-10,1.4982648829749923e-05,0.00010533317578256558,2.9094376264020293e-05,3.1421258607762775e-06
3035,0.000202273,0.00020232502942689706,1.868042781803576e-08,5.495479794888297e-06,1.2446511231610187e-05,2.532545775494251e-05,6.337514702907421e-10,1.7139320138899615e-05,0.00010115665873338898,2.8425969137139764e-05,3.0875803754621064e-06
3030,0.000198976,0.00020010591619013416,1.9729544628620653e-08,5.862777750945216e-06,1.335139589989434e-05,2.819222877898183e-05,7.125070172382904e-10,1.979335519903896e-05,9.72042415014803e-05,2.7779558841206224e-05,3.0344287757038463e-06
3025,0.000223081,0.00019823274071470708,2.086937885532259e-08,6.268153510179041e-06,1.4357937611556832e-05,3.157348241568614e-05,8.069097044342279e-10,2.3108684514365098e-05,9.346173660407948e-05,2.7154225969592157e-05,2.9826244509810086e-06
3020,0.000218628,0.00019663554641987402,2.2110672819344906e-08,6.717055981514948e-06,1.5481829289543597e-05,3.559973155182693e-05,9.213966838566867e-10,2.7321898136986967e-05,8.991590195387359e-05,2.654909664322386e-05,2.932122702593446e-06
3015,0.000222423,0.00019522218979987668,2.3465802976877896e-08,7.215944335273007e-06,1.6741885486569622e-05,4.044551069166414e-05,1.0620971401471825e-09,3.2783965036140735e-05,8.655438679978026e-05,2.5963339969836047e-05,2.882880651347814e-06
3010,0.000187579,0.00019387627153947404,2.4949086685587e-08,7.772521287232204e-06,1.8160810579833536e-05,4.6348399444073186e-05,1.2376700194003162e-09,4.003220149714906e-05,8.33656778085553e-05,2.5396165655940187e-05,2.834857150343233e-06
3005,0.000182306,0.00019246961050043307,2.6577158107241165e-08,8.396031701911972e-06,1.9766194284749408e-05,5.3638328028397465e-05,1.460668816186508e-09,4.99196328779127e-05,8.033904616244727e-05,2.484682176216512e-05,2.7880127025407238e-06
3000,0.000151333,0.00019092494629940668,2.836943158267213e-08,9.097648272424534e-06,2.1591813666899368e-05,6.27840048414785e-05,1.7498494839857047e-09,6.385842101303158e-05,7.746449629453854e-05,2.431459259314901e-05,2.742309382822437e-06
2998,0.000182107,0.00019029255484390625,2.913728976734484e-08,9.403116171841074e-06,2.239275078774635e-05,6.710527034124546e-05,1.8900699487600925e-09,7.106483690866415e-05,7.635515156693507e-05,2.4106339299158613e-05,2.724339362446033e-06
2995,0.000152633,0.0001894418675320503,3.0348676452470315e-08,9.89097453492829e-06,2.367935274127227e-05,7.446884707634793e-05,2.1342470924077542e-09,8.430125297576338e-05,7.473271668680265e-05,2.3798796713665142e-05,2.6977107642666787e-06
2992,0.000155988,0.00018900090976421824,3.1636941053190326e-08,1.0417783766295356e-05,2.5078671927114547e-05,8.310566060860354e-05,2.4289891132717473e-09,0.0001014216117973942,7.31585449638802e-05,2.3496935869750497e-05,2.671467232899607e-06
2989,0.000146423,0.00018967867250512516,3.300870471641306e-08,1.0987800555173234e-05,2.6604082088314307e-05,9.33246625736468e-05,2.7892857506882394e-09,0.00012400037710398335,7.163086665152508e-05,2.3200621927353524e-05,2.6456014462879498e-06
2986,0.000135117,0.00019302562186960392,3.4471314227409876e-08,1.1605878937001873e-05,2.8270969161675868e-05,0.00010553361850648131,3.2361226858716487e-09,0.00015441153082404707,7.014798550514912e-05,2.290972388610938e-05,2.6201062539776643e-06
2983,0.000133788,0.00020238274101547335,3.603293917116137e-08,1.2277573703485198e-05,3.0097099150762833e-05,0.00012027916862320743,3.7996079143606545e-09,0.0001962724902900689,6.87082756119655e-05,2.2624114460181254e-05,2.594974672360458e-06
2980,0.00015928,0.00022492787100580002,3.770268454849493e-08,1.3009265299641344e-05,3.210306522424743e-05,0.00013830693213414246,4.524179385248593e-09,0.0002550523770721542,6.73101783409325e-05,2.2343669957585132e-05,2.5701998800682573e-06
2977,0.000167788,0.0002759812781598265,3.949072170788357e-08,1.3808311461434667e-05,3.431283364150449e-05,0.00016065378732287323,5.477642194593776e-09,0.0003385678592484724,6.595219941171112e-05,2.206827016383669e-05,2.545775213513881e-06
2974,0.000272867,0.00038709339354807404,4.140844106046115e-08,1.4683232336690964e-05,3.6754413553482e-05,0.0001887931990421127,6.767627539378705e-09,0.0004558881444106462,6.463290608085416e-05,2.179779822975715e-05,2.5216941625725372e-06
2971,0.000613103,0.0006156571059760217,4.346863079803212e-08,1.5643937804823407e-05,3.94606828311434e-05,0.00022487057781834626,8.573353811030634e-09,0.0006095806733327519,6.335092444297449e-05,2.1532140563278922e-05,2.4979503663993563e-06
2968,0.001034635,0.001032244297036186,4.5685686770742565e-08,1.670200834585649e-05,4.247041137160458e-05,0.00027209628193827263,1.1211403756808405e-08,0.0007725157776028997,6.210493684425784e-05,2.1271186725100683e-05,2.4745376093779462e-06
2965,0.001526373,0.001631790021966104,4.807585985337525e-08,1.7871044358962577e-05,4.582953553194947e-05,0.00033542383542209696,1.528454738997948e-08,0.0008654108832010743,6.089367940539132e-05,2.1014829328044537e-05,2.4514498171954454e-06
2962,0.002106248,0.0022451045169463125,5.0657548603214246e-08,1.9167103656618158e-05,4.9592753371830864e-05,0.00042276118367517133,2.2059256479642235e-08,0.0008172488080421792,5.9715939650760846e-05,2.0762963939976175e-05,2.4286810530395686e-06
2959,0.002613782,0.0027106487995506123,5.345164687506031e-08,2.0609253485282252e-05,5.3825531448032114e-05,0.0005472056902820977,3.4583454104657715e-08,0.0006672168054239145,5.857055424060203e-05,2.051548899015164e-05,2.406225513913475e-06
2956,0.002996279,0.0030606566768239156,5.648195842506182e-08,2.222027261215576e-05,5.8606641503898905e-05,0.0007312630672764132,6.182414801977999e-08,0.0005048064137274675,5.745640680268317e-05,2.0272305678862734e-05,2.38407752706422e-06
2953,0.003297158,0.00341766261090787,5.977569355703032e-08,2.402755190355765e-05,6.40313813334128e-05,0.0010147202326582347,1.4063734084097407e-07,0.00037450376298312887,5.637242586003096e-05,2.003331789025446e-05,2.362231546520921e-06
2950,0.004199121,0.003865495854135309,6.336406674653552e-08,2.606426010565652e-05,7.021568031604597e-05,0.0014674472246704378,5.806208018662958e-07,0.00028038760766835037,5.5317582851174665e-05,1.9798432108196527e-05,2.3406821497388315e-06
2947,0.004851414,0.004836781619731513,6.728301919324769e-08,2.8370867814733273e-05,7.730134822952764e-05,0.002195951134534781,9.679045566916868e-05,0.00021414049920568136,5.429089023938557e-05,1.9567557335092446e-05,2.3194240343456834e-06
2944,0.005564388,0.005369543675137708,7.157409677150493e-08,3.099716090001708e-05,8.546279605890132e-05,0.003254388474829492,5.064320728477647e-07,0.00016721793777297247,5.329139970740996e-05,1.9340605013515952e-05,2.2984520149867403e-06
2941,0.005323687,0.0052271224223857755,7.628552237818948e-08,3.400493121775426e-05,9.49156355155271e-05,0.0042169704315570935,1.313181233564211e-07,0.0001333750066190589,5.231820043423669e-05,1.91174889505689e-05,2.2777610202651997e-06
2938,0.003223955,0.003742224378689395,8.147351290912807e-08,3.7471617409928305e-05,0.00010592763559136699,0.004082256364716372,5.906039105115227e-08,0.00010843467695758284,5.137041745049788e-05,1.8898125244857618e-05,2.257346089774765e-06
2935,0.00221567,0.002005508606374457,8.720390598871634e-08,4.1495298349874125e-05,0.00011883254270415359,0.003023396016467495,3.341712379029386e-08,8.965653893022633e-05,5.0447210069178646e-05,1.8682432215990268e-05,2.23720237122117e-06
2932,0.001001632,0.0009594659626041705,9.355418146659796e-08,4.620164373640667e-05,0.00013404717003050675,0.0020221995396579352,2.146200758308915e-08,7.523175850270257e-05,4.9547770388386905e-05,1.8470330336500664e-05,2.2173251176296448e-06
2929,0.000393773,0.0004780547263419597,1.0061598945139298e-07,5.1753747015454185e-05,0.0001520917440344311,0.0013582637856925119,1.4938889646961598e-08,6.394724651301947e-05,4.8671321863029835e-05,1.8261742166107596e-05,2.197709684635542e-06
2926,0.000122416,0.00028763490415675163,1.0849833291903837e-07,5.836628645330547e-05,0.00017361236921255543,0.0009470389199941995,1.099371959774658e-08,5.497353971998283e-05,4.781711794233809e-05,1.8056592288222978e-05,2.1783515278551986e-06
2923,8.5267e-05,0.00023678984941688814,1.1733160247652989e-07,6.632632632889475e-05,0.0001994018444363792,0.000687957845309989,8.427517874910409e-09,4.773201830319459e-05,4.6984440770278e-05,1.7854807248625562e-05,2.1592462003344127e-06
2920,0.000144485,0.00025682999486367563,1.2727272907785223e-07,7.602455034846411e-05,0.0002304094210811293,0.0005183501442188392,6.665200106414231e-09,4.1811133469667356e-05,4.617259994599636e-05,1.76563154962184e-05,2.1403893500719703e-06
2917,0.000276284,0.00031771135836325404,1.385118151685119e-07,8.800332514568185e-05,0.00026771876928277806,0.0004027736358414239,5.402971451955041e-09,3.691276407696136e-05,4.538093134154601e-05,1.7461047325794716e-05,2.1217767176156886e-06
2914,0.000422955,0.0004064741482036062,1.512807371933175e-07,0.00010303273354119996,0.00031245248124230616,0.00032109570724773003,4.468077515165292e-09,3.281725584917857e-05,4.4608795974246046e-05,1.726893482273638e-05,2.1034041337285954e-06
2911,0.000572796,0.0005175185226784805,1.6586439915190935e-07,0.0001222346713391455,0.0003655276090726377,0.00026151624938789325,3.756394816633315e-09,2.936021477969935e-05,4.385557893113315e-05,1.707991180957473e-05,2.0852675171229553e-06
2908,0.000726356,0.0006477274583070765,1.8261558209791096e-07,0.00014729272649799773,0.00042714646930116335,0.00021685680365759192,3.202134186146387e-09,2.641682175751055e-05,4.312068834306721e-05,1.689391379434467e-05,2.067362872259887e-06
2905,0.000915216,0.0007933785346673272,2.019747135163848e-07,0.00018082191185147018,0.0004959027842413675,0.00018258879018695948,2.7620725103659062e-09,2.3891045231767048e-05,4.240355440615381e-05,1.6710877920666494e-05,2.049686287212449e-06
2902,0.000961789,0.0009480056967524616,2.2449642483707306e-07,0.00022705135081334705,0.0005675393732163759,0.00015575831790582068,2.406863645963067e-09,2.170809964765117e-05,4.170362844824703e-05,1.6530742919492007e-05,2.0322339315901174e-06
2899,0.001044608,0.0011023113680981391,2.5088554869566095e-07,0.00029315524033403573,0.0006339058275614815,0.00013437999060269355,2.1160162050408047e-09,1.9809091206497154e-05,4.102038203839436e-05,1.635344906245436e-05,2.0150020545226416e-06
2896,0.00127716,0.0012494244237732475,2.8204633222469836e-07,0.00039201558823849243,0.0006834748819658508,0.00011708325294749545,1.87487069531022e-09,1.8147161436775973e-05,4.035330613717981e-05,1.6178938116762725e-05,1.9979869827014582e-06
2893,0.001386357,0.001400121130387947,3.1915024074529224e-07,0.0005483775687112692,0.0007048394522504445,0.00010289924808864471,1.672715516361718e-09,1.66846720351509e-05,3.9701910286013395e-05,1.6007153301586426e-05,1.981185118476623e-06
2890,0.001703755,0.0016128862798679925,3.637299404929854e-07,0.0008136111768040738,0.0006922929844249151,9.112843965743554e-05,1.5015766001318342e-09,1.5391123952007877e-05,3.906572183350604e-05,1.5838039245873664e-05,1.9645929380077133e-06
2887,0.002197552,0.002053174404466326,4.1780994922907083e-07,0.001302930471786294,0.000649245870939252,8.125610760589495e-05,1.355418846944737e-09,1.4241601172281857e-05,3.8444285197151804e-05,1.5671541947553697e-05,1.948206989466769e-06
2884,0.00285233,0.0031306859693088283,4.840877591988862e-07,0.002278952428611146,0.0005861379513886055,7.289704309972419e-05,1.2296066878083339e-09,1.3215594160191336e-05,3.783716115862811e-05,1.550760873407211e-05,1.9320238912917442e-06
2881,0.005867886,0.005586739599616447,5.661815909292995e-07,0.004115554130109879,0.0005149387431231093,6.575852519731301e-05,1.1205319493162387e-09,1.2296101259676734e-05,3.724392619109702e-05,1.53461882242115e-05,1.9160403304888015e-06
2878,0.007774204,0.008208722413462087,6.6895777182582e-07,0.005554065408720008,0.0004448526825521165,5.961502160233563e-05,1.0253522454052936e-09,1.1468935834388962e-05,3.666417181697481e-05,1.5187230291151377e-05,1.9002530609819598e-06
2875,0.007149085,0.006732830813488899,7.989289445495312e-07,0.0039999832657143025,0.000381104402229205,5.4290574600900975e-05,9.41803911097512e-10,1.0722187269503478e-05,3.6097503994704556e-05,1.5030686026723124e-05,1.8846589020085401e-06
2872,0.004361072,0.004266100091738636,9.646391361692568e-07,0.0022082908402628982,0.00032572953802427376,4.964632666903544e-05,8.680661565945034e-10,1.004579815642261e-05,3.5543542533143236e-05,1.4876507706817168e-05,1.8692547365590394e-06
2869,0.002222017,0.0027842332179851513,1.1767382807099443e-06,0.0012681313250525329,0.0002788489034434785,4.5571547086528486e-05,8.026610188209963e-10,9.43123000940884e-06,3.500192053223459e-05,1.4724648757901458e-05,1.8540375098599582e-06
2866,0.002048861,0.0019535802692161965,1.44691750407982e-06,0.0007954374170588287,0.00023967179528335775,4.197708390427233e-05,7.443787219200097e-10,8.871197023426515e-06,3.447228384871078e-05,1.4575063724611976e-05,1.8390042278983666e-06
2863,0.001757977,0.0014529728523658247,1.783769981099037e-06,0.0005380211195200763,0.00020709788754279073,3.8790522381267454e-05,6.922213307512191e-10,8.359452548202236e-06,3.395429058562378e-05,1.4427708238377471e-05,1.8241519559867732e-06
2860,0.001350971,0.001125446012895796,2.1821453532937022e-06,0.0003856475302348025,0.00018001937704387535,3.595256140639559e-05,6.45359747383553e-10,7.890616716943532e-06,3.344761060456617e-05,1.428253898704137e-05,1.809477817367172e-06
2857,0.001037435,0.000895088768369833,2.6035764227090235e-06,0.0002889918874571352,0.0001574470471516119,3.3414270842574173e-05,6.031005580229376e-10,7.460036435446801e-06,3.295192505949808e-05,1.4139513685446694e-05,1.7949789918529517e-06
2854,0.000767694,0.0007233777774697937,2.9578997568432446e-06,0.0002241924640348282,0.00013854662172866234,3.113499388108702e-05,5.648602336064686e-10,7.0636709900617096e-06,3.2466925951150814e-05,1.3998591046949414e-05,1.7806527145076327e-06
2851,0.000588951,0.0005908658369565518,3.122691113315235e-06,0.00017877936128695638,0.0001226347846613661,2.90807270916686e-05,5.301448773319291e-10,6.6979980683738865e-06,3.199231570102626e-05,1.3859730755828515e-05,1.766496274359165e-06
2848,0.000404439,0.0004881672547402755,3.0251354111213577e-06,0.0001457852286781526,0.00010916004908676866,2.722285803502924e-05,4.985341968607288e-10,6.359936143996127e-06,3.152780674406317e-05,1.372289344056076e-05,1.7525070131488003e-06
2845,0.000416151,0.00040968691520034523,2.709593501173879e-06,0.0001210916269985809,9.768020137380881e-05,2.5537173184410883e-05,4.696687232442895e-10,6.046780056075387e-06,3.107312113908405e-05,1.358804064793115e-05,1.738682324113464e-06
2842,0.000381017,0.0003501771782971443,2.295038142330945e-06,0.00010214610815607258,8.784120739865134e-05,2.400307209935536e-05,4.4323954612403046e-10,5.756147286715779e-06,3.0627990196182336e-05,1.345513481794881e-05,1.7250196508005911e-06
2839,0.00031583,0.0003045448333045136,1.8848209069894566e-06,8.730214562891958e-05,7.935922635368366e-05,2.2602940349124022e-05,4.189800145659591e-10,5.485932957544371e-06,3.0192154120250814e-05,1.332413925954186e-05,1.7115164859144598e-06
2836,0.00028423,0.0002686806276808849,1.5300945328774705e-06,7.546069904484322e-05,7.200595121547309e-05,2.1321645625230125e-05,3.9665898483268156e-10,5.234271968210988e-06,2.9765361669890638e-05,1.3195018127003631e-05,1.698170370193099e-06
2833,0.000226009,0.00023970942216803006,1.2426642142764391e-06,6.586627932892842e-05,6.559693908382522e-05,2.014613018508568e-05,3.7607529412225615e-10,4.9995070128191145e-06,2.93473698309806e-05,1.3067736397164471e-05,1.684978891314822e-06
2830,0.000198269,0.00021574069168498673,1.0161991605263114e-06,5.7986125067768706e-05,5.9982433770261906e-05,1.9065079171350988e-05,3.5705321232751817e-10,4.78016145601521e-06,2.8937943504218514e-05,1.294225984726479e-05,1.671939682833489e-06
2827,0.000163907,0.0001955352641156544,8.392333228731544e-07,5.143604486436121e-05,5.504018820104315e-05,1.8068649104592275e-05,3.3943867888991636e-10,4.5749162443379035e-06,2.853685520598452e-05,1.2818555033504884e-05,1.6590504231417283e-06
2824,0.000141374,0.00017825712703333816,7.006546572972381e-07,4.5933467045223644e-05,5.0669859275825615e-05,1.714824440537288e-05,3.230961736036078e-10,4.382590182213986e-06,2.8143884781903835e-05,1.2696589270249158e-05,1.6463088344611454e-06
2821,0.000103511,0.00016331892726385424,5.913388620416671e-07,4.126688784222161e-05,4.678862614890231e-05,1.629633248759152e-05,3.0790610218993133e-10,4.202123024601426e-06,2.7758819132522314e-05,1.2576330609861846e-05,1.633712681858878e-06
2818,9.30217e-05,0.00015029107727222582,5.042642837152428e-07,3.727549926667082e-05,4.33277557855128e-05,1.5506290007286432e-05,2.937626020885046e-10,4.032560936521008e-06,2.738145195053239e-05,1.2457747823153472e-05,1.621259772289618e-06
2815,7.55437e-05,0.00013884831252666195,4.3416634237709695e-07,3.383530492942394e-05,4.022990104623939e-05,1.4772274415564816e-05,2.8057169301058513e-10,3.87304394880471e-06,2.7011583469017384e-05,1.2340810380417255e-05,1.608947953662367e-06
2812,6.71323e-05,0.00012873740334769492,3.7712930012168226e-07,3.084946985191582e-05,3.744696580793305e-05,1.4089116170870505e-05,2.6824971170732625e-10,3.722795103342936e-06,2.6649020220208746e-05,1.2225488433035624e-05,1.5967751139312432e-06
2809,5.28024e-05,0.00011975685664688728,3.302374144520768e-07,2.8241492929849763e-05,3.493841011249436e-05,1.3452227902416676e-05,2.567219821106824e-10,3.581111033055026e-06,2.6293574804272753e-05,1.2111752795637938e-05,1.5847391802095952e-06
2806,5.6099e-05,0.00011174359213491942,2.913068171259506e-07,2.59502978965238e-05,3.2669897966361826e-05,1.2857527548188713e-05,2.4592168124850816e-10,3.447353764170636e-06,2.5945065667670056e-05,1.1999574928790793e-05,1.5728381179067995e-06
2803,5.02282e-05,0.0001045638287106179,2.586882261788138e-07,2.3926651402260773e-05,3.0612213054596234e-05,1.2301373065733948e-05,2.35788868675448e-10,3.3209435630982215e-06,2.5603316890652067e-05,1.188892692220342e-05,1.5610699298869954e-06
2800,4.32853e-05,9.810661911851142e-05,2.3112431577380865e-07,2.2130514005815666e-05,2.8740384873479863e-05,1.1780506768138913e-05,2.262696530200799e-10,3.201352678672078e-06,2.5268157983480064e-05,1.1779781478430917e-05,1.5494326556492191e-06
