x,y,y_predicted,peak_1,peak_2,peak_3,peak_4,peak_5
3795,8.79944e-05,6.294919427481116e-05,5.3952207166850776e-08,5.090757486025042e-09,1.7922578040484238e-07,1.499595207467858e-05,4.0809665166258535e-05
3790,8.59041e-05,6.448732743276934e-05,5.454486860732636e-08,5.1466822770596604e-09,1.8135670229883275e-07,1.529202469426937e-05,4.204894619650043e-05
3785,6.10626e-05,6.609763175726872e-05,5.514734937633378e-08,5.20353369334076e-09,1.8352585352242376e-07,1.5598882364044533e-05,4.3349564367815754e-05
3780,8.48825e-05,6.778554016971036e-05,5.575986759372984e-08,5.261332319462936e-09,1.8573415399676372e-07,1.5917169763052486e-05,4.471630676393158e-05
3775,8.12087e-05,6.955703497783176e-05,5.638264746957041e-08,5.320099314803251e-09,1.8798255147958522e-07,1.6247578579620377e-05,4.615446281113109e-05
3770,0.000116748,7.141870255925585e-05,5.701591950930943e-08,5.379856432888693e-09,1.9027202258210807e-07,1.6590850642246433e-05,4.7669875829668786e-05
3765,0.000104098,7.337779105747198e-05,5.765992072710961e-08,5.4406260415292665e-09,1.9260357382954575e-07,1.694778118047235e-05,4.9268997467585115e-05
3760,7.36817e-05,7.544227065675509e-05,5.831489486763317e-08,5.502431143751516e-09,1.9497824276736536e-07,1.7319222211187684e-05,5.095894458797233e-05
3755,8.81629e-05,7.762089585406818e-05,5.898109263670007e-08,5.565295399569074e-09,1.9739709911557105e-07,1.770608604439446e-05,5.2747558033705557e-05
3750,7.62612e-05,7.992326898303066e-05,5.965877194122171e-08,5.629243148628674e-09,1.9986124597340768e-07,1.8109348900933724e-05,5.464346253221735e-05
3745,6.45753e-05,8.235990406975697e-05,6.034819813883809e-08,5.694299433772113e-09,2.0237182107701808e-07,1.8530054633051725e-05,5.6656126829239284e-05
3740,8.43243e-05,8.494228991580598e-05,6.104964429771007e-08,5.760490025556746e-09,2.0492999811273015e-07,1.896931853696932e-05,5.879592295758433e-05
3735,8.28406e-05,8.76829511135474e-05,6.176339146694152e-08,5.827841447779333e-09,2.0753698808880444e-07,1.9428331244823916e-05,6.107418335890363e-05
3730,9.29099e-05,9.059550550871759e-05,6.248972895813113e-08,5.896381004050441e-09,2.1019404076863396e-07,1.990836268149028e-05,6.350325438768017e-05
3725,0.00010782,9.369471643938433e-05,6.322895463858068e-08,5.966136805469101e-09,2.129024461685647e-07,2.041076606987034e-05,6.609654454308505e-05
3720,0.000121685,9.699653790621625e-05,6.39813752367144e-08,6.0371377994501e-09,2.156635361236852e-07,2.0936981966288357e-05,6.886856560195171e-05
3715,0.000130853,0.000100518150672598,6.474730666029445e-08,6.109413799759103e-09,2.184786859251361e-07,2.1488542305658396e-05,7.18349646717381e-05
3710,0.000114905,0.0001042779871616918,6.552707432804828e-08,6.182995517813762e-09,2.2134931603269522e-07,2.206707443412655e-05,7.501254505287037e-05
3705,0.000131099,0.00010829574291783861,6.632101351535839e-08,6.25791459531221e-09,2.2427689386661995e-07,2.2674305104958493e-05,7.84192737020865e-05
3700,0.000134408,0.00011259237233795976,6.712946971469985e-08,6.334203638253617e-09,2.272629356829671e-07,2.3312064411570634e-05,8.207427302853689e-05
3695,0.000133488,0.00011719006636002951,6.79527990115491e-08,6.411896252419137e-09,2.3030900853686389e-07,2.39822896298233e-05,8.599779473758906e-05
3690,0.000132508,0.0001221122098237371,6.879136847652743e-08,6.491027080385298e-09,2.334167323384755e-07,2.4687028940040427e-05,9.021117346698495e-05
3685,0.00016816,0.00012738331629432272,6.964555657458596e-08,6.571631840145982e-09,2.365877820067054e-07,2.5428444997730136e-05,9.473675803735482e-05
3680,0.000140209,0.00013302893826243068,7.051575359208304e-08,6.653747365423351e-09,2.3982388972597337e-07,2.620881832069388e-05,9.959781826223701e-05
3675,8.13189e-05,0.00013907555079513157,7.140236208265436e-08,6.7374116477526875e-09,2.431268473117485e-07,2.7030550459171355e-05,0.00010481842542610173
3670,0.000105901,0.00014555040690608452,7.230579733282666e-08,6.8226638804309164e-09,2.4649850869086747e-07,2.789616691491822e-05,0.00011042330473244584
3665,0.000144106,0.00015248136312118868,7.322648784838049e-08,6.909544504423708e-09,2.499407925030476e-07,2.880831977470162e-05,0.00011643765823281488
3660,0.00013539,0.0001598966739195554,7.416487586252543e-08,6.9980952563316075e-09,2.5345568483041073e-07,2.976979002367146e-05,0.00012288695695111834
3655,0.000125588,0.00016782475390202556,7.512141786701323e-08,7.088359218521335e-09,2.5704524206226564e-07,3.078348950447479e-05,0.00012979670108958664
3650,8.74155e-05,0.00017629390664886642,7.609658516737955e-08,7.180380871534769e-09,2.607115939028649e-07,3.185246248887504e-05,0.00013719214731123326
3645,0.00019301,0.00018533201923769617,7.70908644635752e-08,7.274206148894561e-09,2.6445694653034746e-07,3.2979886830070056e-05,0.00014509800210166698
3640,0.00021082,0.0001949662212611655,7.810475845732272e-08,7.369882494432526e-09,2.682835859156162e-07,3.416907466592096e-05,0.00015353808007956087
3635,0.000212796,0.00020522250686878546,7.913878648761319e-08,7.467458922274367e-09,2.7219388131046923e-07,3.54234726459608e-05,0.00016253492580728797
3630,0.000172808,0.00021612531781747463,8.019348519584301e-08,7.566986079622328e-09,2.7619028891492293e-07,3.674666165839213e-05,0.0001721093971100758
3625,0.000242463,0.00022769708471659614,8.12694092221819e-08,7.668516312485969e-09,2.802753557343237e-07,3.814235603735555e-05,0.00018228020710915526
3620,0.000249953,0.0002399577225751784,8.236713193485835e-08,7.772103734520262e-09,2.844517236375556e-07,3.96144022355975e-05,0.00019306342109145765
3615,0.000251953,0.0002529240754055394,8.348724619415361e-08,7.877804299140118e-09,2.887221336284167e-07,4.1166776953325744e-05,0.00020447190297927562
3610,0.000299792,0.0002666093030503077,8.463036515300475e-08,7.985675875090705e-09,2.930894303430555e-07,4.280358472054929e-05,0.0002165147045695709
3605,0.000285106,0.0002810222016760692,8.579712309623524e-08,8.095778325664189e-09,2.9755656678724323e-07,4.4529054937584857e-05,0.00022919638898145887
3600,0.000324757,0.0002961664476916694,8.698817632055797e-08,8.208173591765293e-09,3.021266093282137e-07,4.634753838669804e-05,0.00024251627805691446
3595,0.000331498,0.00031203975348232505,8.820420405763014e-08,8.322925779040958e-09,3.068027429568191e-07,4.826350323704808e-05,0.00025646761208366714
3590,0.000332479,0.0003286329227164813,8.944590944258413e-08,8.440101249302898e-09,3.115882768368654e-07,5.028153057522879e-05,0.00027103660956490745
3585,0.000395148,0.00034592879365953166,9.071402053061297e-08,8.559768716486498e-09,3.164866501596744e-07,5.240630950474069e-05,0.00028620141542656785
3580,0.000363609,0.00036390106168376657,9.200929136435433e-08,8.681999347405133e-09,3.2150143832321193e-07,5.464263186967709e-05,0.00030193092879623817
3575,0.000407057,0.00038251297795801107,9.333250309499561e-08,8.806866867575749e-09,3.2663635945650676e-07,5.699538667073462e-05,0.00031818350726904105
3570,0.000409678,0.0004017159312604397,9.468446516021158e-08,8.934447672409542e-09,3.3189528131158973e-07,5.946955425532398e-05,0.0003349055545221552
3565,0.000428881,0.00042144793519167625,9.60660165222517e-08,9.064820944080827e-09,3.372822285467995e-07,6.207020037800533e-05,0.00035203001345884144
3560,0.00047954,0.0004416320648871545,9.747802696971304e-08,9.198068774407936e-09,3.4280139042706383e-07,6.48024702426288e-05,0.00036947480886953814
3555,0.000472772,0.00046217491636618355,9.892139848676983e-08,9.334276294102202e-09,3.48457128968657e-07,6.767158265332822e-05,0.00038714131262028944
3550,0.000451526,0.000482965197815133,1.0039706669388491e-07,9.473531808764995e-09,3.542539875580008e-07,7.068282441777622e-05,0.0004049129405224798
3545,0.000479824,0.0005038726038865911,1.0190600236429951e-07,9.615926942038468e-09,3.6019670007629867e-07,7.384154516271044e-05,0.0004226540318056817
3540,0.000559384,0.0005247471679421554,1.034492130208909e-07,9.761556786343317e-09,3.6629020056421756e-07,7.715315273850146e-05,0.0004402092059444662
3535,0.000565251,0.0005454193268369568,1.0502774461830277e-07,9.910520061666618e-09,3.72539633463453e-07,8.062310940622811e-05,0.00045740343124376894
3530,0.000541491,0.0005657009591319458,1.0664268331559215e-07,1.0062919282894801e-08,3.789503644748683e-07,8.425692901708023e-05,0.0004740430658589759
3525,0.000628955,0.0005853876587244378,1.0829515734500263e-07,1.0218860936221418e-08,3.85527992075991e-07,8.806017540958835e-05,0.0004899181330156759
3520,0.000489166,0.0006042624688676001,1.0998633898286693e-07,1.0378455665196462e-08,3.922783597440251e-07,9.203846226477225e-05,0.0005048060551596194
3515,0.000627191,0.0006221012151419368,1.1171744662906909e-07,1.0541818467024282e-08,3.992075689341993e-07,9.619745467230458e-05,0.0005184769853467856
3510,0.000596978,0.0006386794346582289,1.1348974700195213e-07,1.0709068899760323e-08,4.0632199286726727e-07,0.000100542872671582,0.0005307007328890616
3505,0.000631963,0.0006537807075564,1.1530455745605602e-07,1.088033130110381e-08,4.136282911843263e-07,0.00010508049703942251,0.0005412550890482197
3500,0.000613807,0.0006672059748201371,1.1716324843060397e-07,1.1055735019533994e-08,4.211334255318683e-07,0.00010981617760002054,0.0005499351365223182
3495,0.000655944,0.0006787832075634519,1.190672460372348e-07,1.1235414658592297e-08,4.288446761451549e-07,0.00011475584433162356,0.000556562907606171
3490,0.000714465,0.0006883766220976858,1.210180347961055e-07,1.141951033517181e-08,4.3676965950367183e-07,0.00011990552153669149,0.000560996585067543
3485,0.000634263,0.0006958945584104645,1.2301716053016702e-07,1.1608167952739604e-08,4.449163471385978e-07,0.00012527134532626063,0.0005631383631197661
3480,0.000700451,0.0007012951914217146,1.2506623342814843e-07,1.1801539490486765e-08,4.532930856789976e-07,0.00013085958464260507,0.0005629401376316956
3475,0.000708662,0.0007045894339841182,1.271669312875845e-07,1.1999783309476132e-08,4.619086182308522e-07,0.00013667666600427288,0.000560406384358201
3470,0.000740641,0.0007058406955025769,1.2932100295008232e-07,1.2203064476939385e-08,4.7077210719116887e-07,0.00014272920210067934,0.000555593888938463
3465,0.00070289,0.0007051615280948374,1.3153027194196154e-07,1.2411555109963562e-08,4.798931586083121e-07,0.00014902402428532848,0.0005486083605350324
3460,0.000698228,0.0007027075541751631,1.3379664033442055e-07,1.26254347399033e-08,4.892818482094804e-07,0.00015556821891200975,0.0005395983230510532
3455,0.000747213,0.0006986693576461064,1.3612209283848866e-07,1.2844890698959534e-08,4.989487492269933e-07,0.00016236916732030073,0.0005287469663042249
3450,0.000783153,0.0006932631877321325,1.3850870115122515e-07,1.3070118530479078e-08,5.089049621668685e-07,0.0001694345890971394,0.0005162628065643282
3445,0.000690792,0.0006867213528462785,1.409586285709404e-07,1.3301322424653244e-08,5.191621466761682e-07,0.00017677258800995755,0.0005023700344498329
3440,0.000764856,0.0006792830861083707,1.4347413490063726e-07,1.3538715681428346e-08,5.297325556799267e-07,0.000184391699711463,0.00048729933270182937
3435,0.000708057,0.0006711864814484484,1.4605758166042824e-07,1.3782521202587844e-08,5.406290719742577e-07,0.00019230093994151548,0.0004712797640432794
3430,0.000663249,0.0006626618764140104,1.4871143763138112e-07,1.4032972015126118e-08,5.518652474796889e-07,0.00020050985147944874,0.00045453210698861914
3425,0.000624656,0.0006539268383664984,1.5143828475509595e-07,1.4290311828208705e-08,5.634553453780286e-07,0.0002090285475089416,0.0004372637986267791
3420,0.000661786,0.0006451827263057785,1.5424082441534182e-07,1.4554795626204997e-08,5.75414385377384e-07,0.0002178677483215676,0.00041966545968997565
3415,0.000651775,0.0006366126676217677,1.5712188413029283e-07,1.4826690300488268e-08,5.877581923735421e-07,0.00022703880737494445,0.0004019088451912026
3410,0.000605935,0.0006283807104785417,1.6008442468632488e-07,1.510627532292649e-08,6.00503448802068e-07,0.0002365537216036389,0.0003841459864372751
3405,0.00065886,0.0006206318814625117,1.6313154774698447e-07,1.5393843464237912e-08,6.136677510044943e-07,0.00024642511951934054,0.0003665092605121391
3400,0.000597023,0.000613492882730947,1.6626650397364887e-07,1.568970156065962e-08,6.272696699641877e-07,0.0002566662189936689,0.0003491121295729633
3395,0.000640807,0.0006070731902378323,1.6949270169758303e-07,1.5994171332678462e-08,6.413288168033162e-07,0.00026729074465653473,0.0003320503216026476
3390,0.000532112,0.0006014663532318474,1.728137161865995e-07,1.630759025990427e-08,6.558659134722221e-07,0.0002783127925365525,0.00031540326518655985
3385,0.000560958,0.0005967513363950326,1.7623329955337363e-07,1.663031251652841e-08,6.709028691069547e-07,0.00028974662690445805,0.00029923563472058134
3380,0.000592774,0.0005929937839840413,1.797553913566973e-07,1.6962709972210412e-08,6.864628625803269e-07,0.00030160639127088966,0.00028359890346042613
3375,0.000579232,0.0005902471170436026,1.833841299516104e-07,1.7305173263675044e-08,7.025704318272619e-07,0.00031390571219819816,0.0002685328368215455
3370,0.000530837,0.0005885533991043518,1.8712386464948333e-07,1.7658112942787085e-08,7.192515705871843e-07,0.00032665717114717065,0.00025406688612018537
3365,0.000555485,0.000587943923079464,1.9097916875478233e-07,1.8021960707405477e-08,7.365338332756339e-07,0.00033987161623737634,0.0002402214635905336
3360,0.000520702,0.0005884394835553188,1.9495485355150007e-07,1.8397170721908837e-08,7.544464487751183e-07,0.0003535572829527963,0.00022700909384065762
3355,0.000541158,0.0005900503060881435,1.9905598331914118e-07,1.87842210349366e-08,7.730204440226558e-07,0.0003677186910824848,0.00021443544606846555
3350,0.000548484,0.0005927756105601486,2.0328789146579114e-07,1.9183615102611683e-08,7.922887783697504e-07,0.00038235528543468616,0.00020250025655170793
3345,0.000592128,0.0005966027914421446,2.0765619787425951e-07,1.9595883426309573e-08,8.122864898012318e-07,0.0003974597913260542,0.00019119815325617225
3340,0.000643255,0.0006015062064914855,2.1216682756666854e-07,2.0021585314924844e-08,8.330508542242117e-07,0.000413016264133058,0.0001805193948025053
3335,0.000621299,0.0006074455797076008,2.1682603080326608e-07,2.0461310782569028e-08,8.546215591793543e-07,0.00042899782728966426,0.000170450535228355
3330,0.000589009,0.0006143640470973966,2.216404047428072e-07,2.0915682593726115e-08,8.770408934860756e-07,0.00044536411729994944,0.00016097502452780817
3325,0.00062714,0.0006221859076694368,2.2661691680471217e-07,2.1385358469106885e-08,9.003539545138463e-07,0.00046205848991699445,0.00015207375323383836
3320,0.000705076,0.0006308141891977895,2.317629298875273e-07,2.18710334667958e-08,9.246088749766175e-07,0.00047900509047894824,0.000143725547591694
3315,0.000567961,0.0006401281994455454,2.3708622961418589e-07,2.237344255479244e-08,9.498570713801686e-07,0.0004961059541011717,0.00013590762031200827
3310,0.000648838,0.0006499813070271481,2.425950537923825e-07,2.2893363392732545e-08,9.761535165170988e-07,0.0005132383762263824,0.00012859598057824725
3305,0.000631425,0.0006601992763803574,2.482981242982916e-07,2.3431619342454708e-08,1.0035570387062514e-06,0.00053025287536115,0.00012176580594804402
3300,0.000661371,0.000670579557609979,2.542046816141397e-07,2.398908272918347e-08,1.0321306508183383e-06,0.000546972146875117,0.00011539177803088407
3295,0.000701101,0.0006808919872757255,2.603245222751066e-07,2.4566678377457357e-08,1.0619419125242456e-06,0.0005631914625515336,0.00010944838332219866
3290,0.000668024,0.0006908813677800301,2.6666803950903067e-07,2.5165387448575564e-08,1.0930633296549422e-06,0.0005786809824443666,0.00010391018029023465
3285,0.000703588,0.0007002723350866889,2.732462673838491e-07,2.578625160930818e-08,1.1255727950815015e-06,0.0005931903877783699,9.875203370542805e-05
3280,0.000693664,0.0007087767740821648,2.800709288130862e-07,2.6430377564956944e-08,1.1595540761216165e-06,0.000606456093181085,9.394931722976381e-05
3275,0.000740673,0.0007161037866601534,2.871544878095539e-07,2.7098941993618157e-08,1.1950973541682927e-06,0.0006182110421820507,8.947808540531491e-05
3270,0.000771458,0.0007219718701739167,2.9451020642238565e-07,2.7793196922746065e-08,1.2322998230327742e-06,0.0006281967422981702,8.531521636055234e-05
3265,0.000748108,0.0007261225638069664,3.0215220684330695e-07,2.8514475593912284e-08,1.2712663534157613e-06,0.0006361767957231938,8.143852675910327e-05
3260,0.000778772,0.0007283344389214972,3.100955392255054e-07,2.9264198867084537e-08,1.3121102319907535e-06,0.0006419507999394607,7.782686072313683e-05
3255,0.000719012,0.0007284360377213255,3.1835625582356386e-07,3.004388222189849e-08,1.3549539848273914e-06,0.0006453672206567068,7.44601546529295e-05
3250,0.000752148,0.0007263162906248631,3.2695149213681325e-07,3.0855143420376526e-08,1.3999302963326639e-06,0.0006463337653828666,7.131948002129032e-05
3245,0.00072132,0.0007219311215596309,3.358995558224536e-07,3.169971090348257e-08,1.4471830365819722e-06,0.0006448239646302874,6.838706633721934e-05
3240,0.000775867,0.0007153053783283902,3.4522002424043274e-07,3.257943300293721e-08,1.4968684118962152e-06,0.0006408790956279191,6.564630654251514e-05
3235,0.000820241,0.000706529831257897,3.5493385160115946e-07,3.3496288060023855e-08,1.5491562558508841e-06,0.0006346051894468273,6.308174712674143e-05
3230,0.000664719,0.0006957536443077461,3.650634868117768e-07,3.445239555489231e-08,1.6042314806459815e-06,0.0006261655234343362,6.067906522158101e-05
3225,0.000714425,0.0006831732988071109,3.756330032593917e-07,3.545002836334623e-08,1.6622957120033787e-06,0.0006157695769057249,5.8425034868943626e-05
3220,0.000690481,0.0006690193267765447,3.86668241933285e-07,3.649162627355981e-08,1.7235691345910034e-06,0.0006036598049313256,5.630748455360497e-05
3215,0.000666915,0.0006535423317611944,3.981969694761211e-07,3.7579810912931504e-08,1.7882925795235021e-06,0.0005900977061554816,5.4315247956983936e-05
3210,0.000584859,0.0006369996510219484,4.102490529706007e-07,3.871740225573128e-08,1.856729890907179e-06,0.0005753505366562408,5.243810973075784e-05
3205,0.000553178,0.000619643708607187,4.228566535176659e-07,3.9907436905787396e-08,1.9291706148687056e-06,0.0005596797176987987,5.066674791427988e-05
3200,0.000557972,0.0006017127154545177,4.3605444095095235e-07,4.115318837572689e-08,2.0059330622619424e-06,0.0005433315920392581,4.899267443485467e-05
3195,0.00053289,0.0005834239786539605,4.4987983236649403e-07,4.2458189615872725e-08,2.087367805570649e-06,0.0005265307895966144,4.740817494097675e-05
3190,0.000512569,0.0005649697523589645,4.64373257534798e-07,4.382625808257425e-08,2.173861681772845e-06,0.0005094761338416793,4.59062490310787e-05
3185,0.000536827,0.0005465153311615442,4.79578454714014e-07,4.526152367842165e-08,2.265842386551191e-06,0.0004923387887489942,4.4480551758789924e-05
3180,0.000517016,0.0005281989580432147,4.955428009096271e-07,4.676845994656727e-08,2.363783761783917e-06,0.0004752622176078309,4.3125337123927364e-05
3175,0.00051046,0.0005101330785615382,5.123176812418878e-07,4.835191895956723e-08,2.468211898441739e-06,0.0004583634846747727,4.183540409930594e-05
3170,0.000500792,0.0004924064965109053,5.299589028038909e-07,5.0017170411358836e-08,2.5797122017479197e-06,0.00044173545434811687,4.060604559900899e-05
3165,0.000475762,0.00047508704845023787,5.485271592412437e-07,5.176994550113072e-08,2.698937595879749e-06,0.00042544950479553464,3.943300066526478e-05
3160,0.000403684,0.00045822449363930247,5.680885532833426e-07,5.361648629226301e-08,2.826618083072604e-06,0.0004095584521887287,3.831241003910926e-05
3155,0.000395663,0.0004418533964939364,5.88715185636571e-07,5.556360134106252e-08,2.9635719186305913e-06,0.00039409946231494985,3.724077518456198e-05
3150,0.000455089,0.00042599585111659406,6.104858200480217e-07,5.761872852217431e-08,3.110718721510351e-06,0.00037909679880109823,3.621492075659894e-05
3145,0.000429313,0.0004106639571763384,6.334866360097867e-07,5.97900061345811e-08,3.269094913033225e-06,0.0003645643168934594,3.5231960438885054e-05
3140,0.000447504,0.00039586200226966533,6.578120825539237e-07,6.208635355925451e-08,3.4398719681000632e-06,0.0003505076575497737,3.428926602686206e-05
3135,0.000391807,0.0003815883388662089,6.83565848955454e-07,6.451756296327605e-08,3.6243780795797574e-06,0.0003369261294918831,3.338443959401093e-05
3130,0.000356639,0.00036783696605192603,7.108619710000655e-07,6.709440381363085e-08,3.824123984684933e-06,0.00032381428885115763,3.2515288552453486e-05
3125,0.0003512,0.0003545988398705309,7.398260948902477e-07,6.982874228688323e-08,4.040833891988446e-06,0.0003111632394505368,3.167980340201219e-05
3120,0.000364867,0.0003418629433716187,7.70596924990366e-07,7.273367805105105e-08,4.276482692542799e-06,0.0002989616838342981,3.087613795292007e-05
3115,0.000373339,0.00032961715042734206,8.033278866131779e-07,7.582370136885961e-08,4.5333409563506295e-06,0.0002871967577890593,3.0102591805133782e-05
3110,0.000310701,0.0003178489175234416,8.381890411361776e-07,7.91148740469044e-08,4.814029630833838e-06,0.00027585468081828664,2.935759487032172e-05
3105,0.000278112,0.0003065458362426358,8.753692981698384e-07,8.262503845804984e-08,5.121586904945304e-06,0.0002649212529823811,2.8639693729865252e-05
3100,0.000256356,0.00029569607690469693,9.150789786170896e-07,8.637405972639652e-08,5.4595504284542066e-06,0.00025438222551653344,2.7947539632549466e-05
3095,0.00028024,0.00028528875143213155,9.575527936932112e-07,9.03841072259373e-08,5.832059047146967e-06,0.0002442235692471527,2.7279877948096453e-05
3090,0.000258101,0.00027531422142728897,1.003053318868914e-06,9.467998285773081e-08,6.2439795254637505e-06,0.0002344316614047646,2.663553890651765e-05
3085,0.000264928,0.0002657643760273499,1.0518750589683535e-06,9.928950520336987e-08,6.701065513532065e-06,0.00022499340819305585,2.601342946777399e-05
3080,0.000283826,0.00025663290366057884,1.1043492222225708e-06,1.0424396069215708e-07,7.210158471483323e-06,0.0002158963175364585,2.5412526180905945e-05
3075,0.000230106,0.0002479155826982211,1.1608493481546418e-06,1.095786354799435e-07,7.779443677540548e-06,0.00020712853384201508,2.483186890621455e-05
3070,0.000232132,0.00023961061861697141,1.2217979683424935e-06,1.153334449691745e-07,8.418779244172618e-06,0.0001986788443827416,2.4270555287929207e-05
3065,0.000232136,0.00023171906028359156,1.2876745224677154e-06,1.215536820009098e-07,9.140122890609542e-06,0.00019053666502183246,2.3727735877864624e-05
3060,0.000242197,0.00022424533629831938,1.3590248074084636e-06,1.282909099849042e-07,9.958091050412874e-06,0.0001826920114189948,2.320260982270203e-05
3055,0.000207891,0.00021719796547435717,1.4364723082194455e-06,1.356040339579059e-07,1.0890699249328356e-05,0.0001751354605553933,2.2694421038641824e-05
3050,0.000219314,0.00021059051585025073,1.5207318517246008e-06,1.4356059125229882e-07,1.1960353966641771e-05,0.00016785810634458256,2.2202454807233157e-05
3045,0.000183259,0.00020444291794504015,1.6126261430210904e-06,1.522383147694582e-07,1.3195198235605978e-05,0.00016085151222763514,2.1726034735192145e-05
3040,0.000198972,0.00019878328653485252,1.7131059019173014e-06,1.6172703668025253e-07,1.463096232951507e-05,0.00015410766294891384,2.126452002900973e-05
3035,0.000202273,0.00019365048153153352,1.823274523301331e-06,1.7213101995906535e-07,1.6313547511345338e-05,0.00014761891714593637,2.081730304217509e-05
3030,0.000198976,0.00018909776048809665,1.9444184609608196e-06,1.8357183123074598e-07,1.8302692910270172e-05,0.0001413779619378487,2.0383807058969867e-05
3025,0.000223081,0.00018519807419259719,2.078044904267416e-06,1.9619190342130628e-07,2.0677274470744176e-05,0.00013537777034124948,1.996348428409848e-05
3020,0.000218628,0.00018205188908641733,2.2259288181944253e-06,2.101589841736811e-07,2.3543116921244393e-05,0.0001296115620619984,1.9555814011990116e-05
3015,0.000222423,0.00017979899010987037,2.3901721023657482e-06,2.2567173119737846e-07,2.7044769041254514e-05,0.00012407276799271725,1.9160300953519168e-05
3010,0.000187579,0.00017863672442257268,2.5732785714992e-06,2.429668076529518e-07,3.1383698477322e-05,0.00011875499857606169,1.8776473701220513e-05
3005,0.000182306,0.00017884899170180667,2.7782497817035388e-06,2.6232797005589665e-07,3.684720628054181e-05,0.00011365201606379141,1.840388331689769e-05
3000,0.000151333,0.0001808539465760788,3.0087085950344806e-06,2.8409789818184194e-07,4.385601916282375e-05,0.00010875771060331842,1.8042102027904e-05
2998,0.000182107,0.0001822900966528266,3.108984634902023e-06,2.935708772732637e-07,4.722483849817482e-05,0.00010685707028950006,1.790032406416012e-05
2995,0.000152633,0.0001852882565385911,3.269060046881559e-06,3.0869418381482084e-07,5.304839198830864e-05,0.00010406608001038906,1.7690722020380687e-05
2992,0.000155988,0.0001895199345607735,3.441816120591335e-06,3.2501825276088683e-07,6.0017144680255486e-05,0.00010134592315293182,1.7484724065417626e-05
2989,0.000146423,0.00019534405749776015,3.6286275171029887e-06,3.426768519451455e-07,6.848985888674887e-05,9.869533666282864e-05,1.728224929031819e-05
2986,0.000135117,0.00020336989772204786,3.831060212285443e-06,3.618276257380542e-07,7.907541595350697e-05,9.611306662647617e-05,1.7083219015224873e-05
2983,0.000133788,0.00021480785600713897,4.050904334920575e-06,3.826633301942659e-07,9.298355578974538e-05,9.35978675474452e-05,1.6887556716017212e-05
2980,0.00015928,0.0002323181508566283,4.290213768332066e-06,4.05434146125734e-07,0.00011287350495133335,9.114850174812416e-05,1.669518795389666e-05
2977,0.000167788,0.00026180077298313786,4.551354154287117e-06,4.304933013046451e-07,0.00014464383804218138,8.876373888879094e-05,1.650604030775749e-05
2974,0.000272867,0.0003155246690072676,4.8370613981079685e-06,4.5839061290259345e-07,0.00020056150980187742,8.644235559636447e-05,1.6320043309198777e-05
2971,0.000613103,0.0004162958991037294,5.150513382149091e-06,4.900617171350518e-07,0.0003034297521404584,8.418313519512738e-05,1.6137128380043217e-05
2968,0.001034635,0.000600644257610222,5.49541840512285e-06,5.272021954927696e-07,0.0004897742324167559,8.198486753179589e-05,1.5957228772238295e-05
2965,0.001526373,0.0009167910804543145,5.8761249535095e-06,5.729865263726005e-07,0.0008078100322881529,7.984634888743909e-05,1.578027951002402e-05
2962,0.002106248,0.0014126235809139266,6.297758887296151e-06,6.334063148916383e-07,0.0013054145081197576,7.776638196890521e-05,1.5606217334259492e-05
2959,0.002613782,0.002112866548922968,6.766396142428343e-06,7.196770782281271e-07,0.0020072964107920887,7.574377597259889e-05,1.5434980648807653e-05
2956,0.002996279,0.0029923359067899817,7.289281845362758e-06,8.524118590244834e-07,0.0028882450486142344,7.377734671366025e-05,1.5266509468884102e-05
2953,0.003297158,0.0039535786637151585,7.875110638589909e-06,1.0685851337046634e-06,0.0038507629974689414,7.186591681382461e-05,1.5100745371281811e-05
2950,0.004199121,0.004800452019109149,8.534388534781527e-06,1.432687111288236e-06,0.00469863368778639,7.000831594148433e-05,1.4937631446388986e-05
2947,0.004851414,0.0052243289802354305,9.279904516755704e-06,2.0538249303630855e-06,0.005123109449149845,6.820338109772903e-05,1.4777112251922082e-05
2944,0.005564388,0.0049926272445967625,1.0127351558762336e-05,3.1107236655053355e-06,0.004891414770372972,6.644995694240649e-05,1.461913376830078e-05
2941,0.005323687,0.004240532521193837,1.1096153603858628e-05,4.886395051308228e-06,0.004138434124739741,6.474689615451826e-05,1.4463643355595518e-05
2938,0.003223955,0.0032891763853188575,1.221058022318223e-05,7.81338106252391e-06,0.0031848434662108114,6.309305982154153e-05,1.4310589711982266e-05
2935,0.00221567,0.0023728192290323824,1.3501268955892253e-05,1.2528623803772883e-05,0.0022642367872977086,6.148731785254995e-05,1.4159922833642523e-05
2932,0.001001632,0.0016169409015107975,1.5007334538591836e-05,1.993392055461311e-05,0.001501154194742438,5.992854941028812e-05,1.4011593976049854e-05
2929,0.000393773,0.0010682495414972373,1.6779337656415255e-05,3.125358479239351e-05,0.000941030111785388,5.8415643357636875e-05,1.3865555616587227e-05
2926,0.000122416,0.000716419559688362,1.8883536462583315e-05,4.8075761503542816e-05,0.0005718856933007901,5.694749871418714e-05,1.3721761418442266e-05
2923,8.5267e-05,0.0005199717865675915,2.140809273372069e-05,7.235882521547992e-05,0.0003501963690149253,5.552302511891932e-05,1.3580166195729974e-05
2920,0.000144485,0.0004313532108451076,2.4472325743644486e-05,0.0001063810240443745,0.00022601268359321824,5.414114329525902e-05,1.3440725879795075e-05
2917,0.000276284,0.0004124434497986233,2.8240841394410366e-05,0.0001526120639282854,0.00015858105318541162,5.2800785515051384e-05,1.3303397486648206e-05
2914,0.000422955,0.00043905356085589456,3.294568636631598e-05,0.00021349168226676888,0.00012104184879024054,5.150089605826043e-05,1.3168139085492452e-05
2911,0.000572796,0.000498538385565083,3.8922143788385764e-05,0.00029111375252143526,9.83218395326874e-05,5.0240431665459684e-05,1.3034909768298564e-05
2908,0.000726356,0.000585279089045433,4.6668576316931455e-05,0.00038683489730354583,8.294827553531805e-05,4.9018361980432164e-05,1.290366962038916e-05
2905,0.000915216,0.0006968218466314754,5.695044990885323e-05,0.0005008516896505901,7.150634911077867e-05,4.783366998044324e-05,1.2774379691993936e-05
2902,0.000961789,0.0008315049913189351,7.098959116930254e-05,0.0006318159839064634,6.246175359162573e-05,4.668535239198748e-05,1.2647001970739535e-05
2899,0.001044608,0.000987484105277589,9.083339737436277e-05,0.000776578585323932,5.50728948453987e-05,4.557242009003984e-05,1.2521499355039344e-05
2896,0.00127716,0.0011631721259213433,0.00012028654428090655,0.0009301643617782545,4.8924177465953135e-05,4.4493898479062874e-05,1.2397835628349934e-05
2893,0.001386357,0.001362055066098009,0.00016958721716996288,0.0010860927970512083,4.374494029952549e-05,4.3448827854233795e-05,1.227597543426225e-05
2890,0.001703755,0.0016236333651444286,0.0002855984033694792,0.0012371966870288924,3.9340818463284817e-05,4.2436263741558864e-05,1.215588425239706e-05
2887,0.002197552,0.0021437801294083483,0.000670574045529232,0.001377242811351924,3.556515864756395e-05,4.145527721573677e-05,1.2037528375075333e-05
2884,0.00285233,0.003408525630348633,0.0018129277183688516,0.0015039622292628992,3.230454434851221e-05,4.0504955194818306e-05,1.1920874884735482e-05
2881,0.005867886,0.005701193370373083,0.003991791579675148,0.0016216362473490413,2.946994271712236e-05,3.958440071088502e-05,1.180589163207059e-05
2878,0.007774204,0.0077331441390553835,0.005938781185243422,0.001710081705303614,2.6990659848534943e-05,3.8692733156136693e-05,1.169254721485971e-05
2875,0.007149085,0.00699068952580586,0.005234699178269656,0.0016748651359144487,2.4810003871536587e-05,3.782908850393435e-05,1.1580810957468476e-05
2872,0.004361072,0.004522397637618026,0.0028803517157232252,0.001563795241540683,2.2882099669812827e-05,3.6992619504493895e-05,1.1470652890995221e-05
2869,0.002222017,0.002669574012264897,0.0011516298897454804,0.0014423247596846629,2.1169514956833977e-05,3.6182495855064e-05,1.1362043734039711e-05
2866,0.002048861,0.0018158028739161175,0.00043351055527002756,0.0013090926810511202,1.964147008752919e-05,3.5397904344551834e-05,1.1254954874072523e-05
2863,0.001757977,0.001450376576287311,0.00021650098232766203,0.0011629104046074175,1.8272473741350477e-05,3.463804897268056e-05,1.114935834938403e-05
2860,0.001350971,0.0012202832542626098,0.00014287614783040537,0.0010085131473080327,1.704127295988803e-05,3.390215104387472e-05,1.1045226831592633e-05
2857,0.001037435,0.0010248802720416981,0.00010503986123815055,0.0008528730819570727,1.593003771279327e-05,3.3189449236172496e-05,1.0942533608692798e-05
2854,0.000767694,0.0008488436466999457,8.071684196240972e-05,0.000702957322049164,1.4923722185372872e-05,3.249919964555868e-05,1.0841252568624167e-05
2851,0.000588951,0.0006919492020134396,6.389963027077644e-05,0.0005645626689881822,1.4009560476122406e-05,3.18306758061985e-05,1.074135818334371e-05
2848,0.000404439,0.0005554751184849395,5.179752042059518e-05,0.0004417696301735149,1.3176665421498571e-05,3.1183168687130815e-05,1.0642825493383608e-05
2845,0.000416151,0.000440043267863477,4.2811170905867855e-05,0.0003368094647099174,1.2415707199947604e-05,3.055598666604963e-05,1.0545630092878179e-05
2842,0.000381017,0.00034520237195043244,3.596231518800725e-05,0.00025021789074413953,1.171865413355933e-05,2.9948455480866093e-05,1.0449748115043878e-05
2839,0.00031583,0.000269493130254917,3.062652671645838e-05,0.0001811676585354466,1.1078562336300122e-05,2.9359918159798633e-05,1.0355156218096898e-05
2836,0.00028423,0.0002107194337135902,2.6390772786319352e-05,0.00012788238214643747,1.048940398963586e-05,2.878973493078765e-05,1.0261831571593527e-05
2833,0.000226009,0.00016628246279190836,2.2973358757223427e-05,8.80508344269825e-05,9.945926364633647e-06,2.8237283111073424e-05,1.0169751843179039e-05
2830,0.000198269,0.00013349127166751394,2.0177000460101727e-05,5.918457528552258e-05,9.44353546953091e-06,2.7701956977811083e-05,1.0078895185731312e-05
2827,0.000163907,0.00010980390779070088,1.786029032080732e-05,3.8887701799064326e-05,8.978199536500612e-06,2.7183167620626347e-05,9.989240224885955e-06
2824,0.000141374,9.298327533466934e-05,1.5919781432305444e-05,2.503070820857785e-05,8.546368581000279e-06,2.6680342777039234e-05,9.90076604693022e-06
2821,0.000103511,8.117257363923553e-05,1.4278414956264145e-05,1.583756450396382e-05,8.144907051436724e-06,2.6192926651701108e-05,9.813452187053412e-06
2818,9.30217e-05,7.290682693495864e-05,1.287785426476818e-05,9.90496884884566e-06,7.771037194182956e-06,2.5720379720403573e-05,9.727278617941949e-06
2815,7.55437e-05,6.708124842680323e-05,1.167329138915076e-05,6.175953258145955e-06,7.422291232156921e-06,2.5262178519825502e-05,9.642225738707764e-06
2812,6.71323e-05,6.289611762710076e-05,1.0629856572157489e-05,3.888392151959082e-06,7.0964708260404445e-06,2.481781542398843e-05,9.558274364138993e-06
2809,5.28024e-05,5.979380390139258e-05,9.720090362155369e-06,2.514588548211176e-06,6.791612579557951e-06,2.438679840838933e-05,9.475405714262438e-06
2806,5.6099e-05,5.739850682414054e-05,8.922134087510498e-06,1.7028536588999897e-06,6.505958581930685e-06,2.3968650802775475e-05,9.393601404207579e-06
2803,5.02282e-05,5.5464563312054544e-05,8.2184148736491e-06,1.2271545164992995e-06,6.237931165210107e-06,2.3562911033517335e-05,9.312843434362384e-06
2800,4.32853e-05,5.383550910249794e-05,7.594676768419214e-06,9.471663059421816e-07,5.98611120198507e-06,2.3169132356523797e-05,9.233114180811361e-06
